filename,doc_id,path,type,extension,size_Mb,hash,language,pages,sheets,table_count,dpi,noise,img_width,img_height,dpi_estimated,is_low_dpi,skew_angle,requires_ocr,image_count,has_geo_headers,ocr_risk
Applying Seismic Inversion Technique and Seismic Attributes for Komombo Basin.pdf,Applying Seismic Inversion Technique and Seismic Attributes for Komombo Basin,data\raw\pdf_text,pdf_text,pdf,2.502,44804b5cbf5cb67fc901045c7fad28c4,en,6.0,,0,30.0,56.69815945253916,400.0,60.0,30.0,True,,False,12,True,low
Assessment of Tight-Oil and Tight-Gas Resources.pdf,Assessment of Tight-Oil and Tight-Gas Resources,data\raw\pdf_text,pdf_text,pdf,0.339,0a0cf00eb442d8d268f267c7a05ef8de,en,2.0,,0,65.0,18.631049009320268,506.0,591.0,65.0,True,,False,2,True,low
Assessment of Undiscovered Conventional Oil and Gas Resources.pdf,Assessment of Undiscovered Conventional Oil and Gas Resources,data\raw\pdf_text,pdf_text,pdf,2.419,74a9559b763871e014786a676a5264e2,en,2.0,,0,144.0,27.251731438964843,2042.0,257.0,144.0,True,,False,4,True,low
Assessment of Undiscovered Oil and Gas  in the Haynesville Formation.pdf,Assessment of Undiscovered Oil and Gas  in the Haynesville Formation,data\raw\pdf_text,pdf_text,pdf,2.151,e5e0f2e2d64bbe52f0eb18801c25c6d3,en,4.0,,0,,15.853307848539231,682.0,408.0,,False,,False,1,True,low
Assessment of Undiscovered Oil and Gas in the Central North Slope of Alaska.pdf,Assessment of Undiscovered Oil and Gas in the Central North Slope of Alaska,data\raw\pdf_text,pdf_text,pdf,1.265,896c9ac6d3fbd83f8c75e2a2a81d6e83,en,4.0,,0,82.0,21.283307875527235,760.0,643.0,82.0,True,,False,1,True,low
Assessment of Undiscovered Oil and Gas of the Gulf Coast.pdf,Assessment of Undiscovered Oil and Gas of the Gulf Coast,data\raw\pdf_text,pdf_text,pdf,1.551,60134ea9d496ab4cd6be81a723295ed7,en,4.0,,0,103.0,36.44756594111918,991.0,766.0,103.0,True,,False,1,True,low
Assessment of Undiscovered Shale- Gas Resources.pdf,Assessment of Undiscovered Shale- Gas Resources,data\raw\pdf_text,pdf_text,pdf,0.861,4f911b7c86467f539204d7b886fe2ad1,en,4.0,,0,30.0,10.960019898859139,256.0,253.0,30.0,True,,False,1,True,low
Assumptions to the Annual Energy Outlook 2026 Liquid Fuels Market Module.pdf,Assumptions to the Annual Energy Outlook 2026 Liquid Fuels Market Module,data\raw\pdf_text,pdf_text,pdf,1.116,5f9c022bc4863d38ec69133b295cb35a,en,27.0,,0,145.0,59.68381782515361,1918.0,584.0,145.0,True,,False,4,True,low
Characterization of Three Forks Formation Reservoir Lithofacies.pdf,Characterization of Three Forks Formation Reservoir Lithofacies,data\raw\pdf_text,pdf_text,pdf,1.21,9f6c17e8f8738bf9e1f8715046cad33b,en,9.0,,0,19.0,102.6665669063272,250.0,52.0,19.0,True,,False,6,True,low
Development of the taranaki basin for deepwater exploration.pdf,Development of the taranaki basin for deepwater exploration,data\raw\pdf_text,pdf_text,pdf,3.138,ff3c6ff8d75c96d8f419ddcdf68463ff,en,10.0,,0,,36.36254163575688,1202.0,566.0,,False,,False,17,True,low
Interpretation of incised valleys using new 3-D seismic techniques.pdf,Interpretation of incised valleys using new 3-D seismic techniques,data\raw\pdf_text,pdf_text,pdf,1.75,8092e194fc77ecdafaa6e87f6e5d30a9,en,4.0,,0,96.0,,,,96.0,True,,False,11,True,low
Interpretational applications of spectral decomposition in reservoir characterization.pdf,Interpretational applications of spectral decomposition in reservoir characterization,data\raw\pdf_text,pdf_text,pdf,1.329,f0b8833821d4ddb5b50c44a93e1b255e,en,5.0,,0,94.0,,,,94.0,True,,False,15,True,low
NPD FactPages  Well 72208‑1.pdf,NPD FactPages  Well 72208‑1,data\raw\pdf_text,pdf_text,pdf,0.263,48e81f334753f81837b8e98d97108ba5,en,11.0,,0,48.0,96.81342141720731,404.0,462.0,48.0,True,,False,11,True,low
NPD FactPages Well 65077‑12.pdf,NPD FactPages Well 65077‑12,data\raw\pdf_text,pdf_text,pdf,0.494,96fe0e2a31410f5a4ee493e706ea9b24,en,18.0,,0,46.0,96.81342141720731,404.0,462.0,46.0,True,,False,131,True,low
NPD Resource Accounts for the Norwegian continental shelf 2021.pdf,NPD Resource Accounts for the Norwegian continental shelf 2021,data\raw\pdf_text,pdf_text,pdf,1.506,3ea4846998802b01d9484941351680e0,en,21.0,,0,40.0,58.18592986025124,387.0,284.0,40.0,True,,False,28,True,low
Public Dataset for Machine Learning in Seismic Interpretation.pdf,Public Dataset for Machine Learning in Seismic Interpretation,data\raw\pdf_text,pdf_text,pdf,1.667,c5aac7d41b3151b054ec05ea0408a4d2,en,5.0,,0,,38.88583303891157,1028.0,549.0,,False,,False,5,True,low
Seismic attributes in reservoir characterization an overview.pdf,Seismic attributes in reservoir characterization an overview,data\raw\pdf_text,pdf_text,pdf,1.95,263ffd7af99cdfa5485d791db765ffdd,en,13.0,,0,19.0,20.4663010585114,64.0,62.0,19.0,True,,False,15,True,low
"Seismic facies analysis Past, present and future.pdf","Seismic facies analysis Past, present and future",data\raw\pdf_text,pdf_text,pdf,5.65,ee6dbef4efeab23139153ef197970e47,en,65.0,,0,123.0,44.260454936304086,938.0,1280.0,123.0,True,,False,28,True,low
Spectral decomposition of time- vs. depth-migrated data.pdf,Spectral decomposition of time- vs. depth-migrated data,data\raw\pdf_text,pdf_text,pdf,1.256,5e5978b39652e192f42fb3733759cf93,en,5.0,,0,,36.336967670881016,374.0,213.0,,False,,False,10,True,low
Spectral Decomposition Reveals Geological Hidden Features in the Amplitude Maps.pdf,Spectral Decomposition Reveals Geological Hidden Features in the Amplitude Maps,data\raw\pdf_text,pdf_text,pdf,0.256,587b3e20f8adc6e426fb2238f8657927,en,4.0,,0,,59.030772227882224,173.0,137.0,,False,,False,18,True,low
The impact of reservoir scale on amplitude variation with offset.pdf,The impact of reservoir scale on amplitude variation with offset,data\raw\pdf_text,pdf_text,pdf,6.87,4d3882d41c82ee0e9faeadca49865e61,en,10.0,,0,152.0,64.184275797412,2150.0,142.0,152.0,True,,False,11,True,low
Use of spectral decomposition technique for delineation of channels at Solar gas discovery.pdf,Use of spectral decomposition technique for delineation of channels at Solar gas discovery,data\raw\pdf_text,pdf_text,pdf,2.52,c5059ac1d4f57f5c55dc6feb71d80e53,en,7.0,,0,39.0,70.96546192527055,87.0,84.0,39.0,True,,False,10,True,low
Well Logging in Support for Seismic Reservoir Characterization.pdf,Well Logging in Support for Seismic Reservoir Characterization,data\raw\pdf_text,pdf_text,pdf,0.991,24fa3d31d75c996e48bbb43a8b12afcf,en,5.0,,0,14.0,16.142828270533723,119.0,116.0,14.0,True,,False,60,True,low
Williston Basin Province Interpretation of 2-D Seismic Data.pdf,Williston Basin Province Interpretation of 2-D Seismic Data,data\raw\pdf_text,pdf_text,pdf,6.774,2a3de7e112a37f019154267b680992e3,en,9.0,,0,54.0,28.85301977791839,524.0,414.0,54.0,True,,False,9,True,low
2020_06_practical_4d_interpretation.pdf,2020_06_practical_4d_interpretation,data\raw\pdf_scans,pdf_scans,pdf,3.533,4432c097bebcdea26bcc451d6bac73db,unknown,4.0,,0,82.0,37.49300168544211,1413.0,1998.0,82.0,True,,True,4,False,medium
Alaska_North_Slope_petroleum_systems.pdf,Alaska_North_Slope_petroleum_systems,data\raw\pdf_scans,pdf_scans,pdf,0.238,0d78a5873dca12f338c1c90c6d9baf66,unknown,1.0,,0,72.0,42.60302392640257,2270.0,1434.0,72.0,True,,True,1,False,medium
Cheatsheet_basic.pdf,Cheatsheet_basic,data\raw\pdf_scans,pdf_scans,pdf,0.57,4da88ae4c7108d6c930f0a7467e26e85,unknown,1.0,,0,72.0,52.66486832855586,1650.0,1275.0,72.0,True,,True,1,False,medium
Cheatsheet_geophysics.pdf,Cheatsheet_geophysics,data\raw\pdf_scans,pdf_scans,pdf,0.64,f4385c18a1045ef9e9c12a03e1cf6816,unknown,1.0,,0,72.0,48.091929680670255,1650.0,1275.0,72.0,True,,True,1,False,medium
Cheatsheet_petroleum.pdf,Cheatsheet_petroleum,data\raw\pdf_scans,pdf_scans,pdf,0.568,f028dd084677278f83ceb311026496b3,unknown,1.0,,0,72.0,52.06172122032221,1650.0,1275.0,72.0,True,,True,1,False,medium
Cheatsheet_Petrophysics.pdf,Cheatsheet_Petrophysics,data\raw\pdf_scans,pdf_scans,pdf,0.46,a754922a76dcc584b6e0d7cad5371646,unknown,1.0,,0,75.0,35.29756980965824,1650.0,1275.0,75.0,True,,True,1,False,medium
Chopra_Churning seismic attributes with principal component analysis.pdf,Chopra_Churning seismic attributes with principal component analysis,data\raw\pdf_scans,pdf_scans,pdf,4.672,b2aa522a17aee67d7417102762018ae2,unknown,4.0,,0,86.0,55.53624854006513,1275.0,1650.0,86.0,True,,True,4,False,medium
Cruise Report for a Seismic Investigation of Gas Hydrates.pdf,Cruise Report for a Seismic Investigation of Gas Hydrates,data\raw\pdf_scans,pdf_scans,pdf,5.145,7dc5da6ecc338ae2eff7ef74e868ca3a,unknown,21.0,,0,72.0,20.875842574488413,1275.0,1650.0,72.0,True,,True,21,False,medium
Deriving Vp velocity and density properties.pdf,Deriving Vp velocity and density properties,data\raw\pdf_scans,pdf_scans,pdf,6.455,379af42e473c202dfcab491a9a94b1a2,unknown,18.0,,0,72.0,54.555821070860375,1241.0,1654.0,72.0,True,,True,18,False,medium
Interpretation of seismic cross-hole.pdf,Interpretation of seismic cross-hole,data\raw\pdf_scans,pdf_scans,pdf,2.064,a511d0f3a46eba38f0defeec40c948e2,unknown,9.0,,0,72.0,52.025803173222045,1275.0,1650.0,72.0,True,,True,9,False,medium
NPD Oligocene to Pliocene well and borehole data.pdf,NPD Oligocene to Pliocene well and borehole data,data\raw\pdf_scans,pdf_scans,pdf,0.354,6f356bde825c27a37f2bae776ba33be6,unknown,2.0,,0,72.0,,,,72.0,True,,True,2,False,medium
Poseidon 3D Interpretation Report_Rev.pdf,Poseidon 3D Interpretation Report_Rev,data\raw\pdf_scans,pdf_scans,pdf,12.933,0cbbd71bf95f431eefc0c6ba7a3775d2,unknown,43.0,,0,72.0,33.458585479164284,1241.0,1755.0,72.0,True,,True,43,False,medium
Reprocessing of Reflection Seismic Lines Rill and R102.pdf,Reprocessing of Reflection Seismic Lines Rill and R102,data\raw\pdf_scans,pdf_scans,pdf,10.16,4378e106937a7aae50320989ffd94d38,unknown,31.0,,0,72.0,26.915610452940786,1216.0,1620.0,72.0,True,,True,31,False,medium
Seismic evidence for an extensive gas-bearing layer.pdf,Seismic evidence for an extensive gas-bearing layer,data\raw\pdf_scans,pdf_scans,pdf,4.941,669fd5e8c77a5e5b44801fcb3f6c09f4,unknown,21.0,,0,72.0,25.08790605259651,1225.0,1538.0,72.0,True,,True,21,False,medium
Seismic Reflection Profiles Along the Drill Holes.pdf,Seismic Reflection Profiles Along the Drill Holes,data\raw\pdf_scans,pdf_scans,pdf,2.632,90d94e478c8d5dcde6a1e36f396c0e08,unknown,14.0,,0,72.0,51.148877996154226,1314.0,1669.0,72.0,True,,True,14,False,medium
Two-Dimensional Multichannel Seismic Data.pdf,Two-Dimensional Multichannel Seismic Data,data\raw\pdf_scans,pdf_scans,pdf,6.206,cc1f79fdf8394b6a87110d827acb16a1,unknown,25.0,,0,72.0,37.610610376394106,1275.0,1650.0,72.0,True,,True,25,False,medium
Using Machine Learning for Automated Seismic Facies Classification.pdf,Using Machine Learning for Automated Seismic Facies Classification,data\raw\pdf_scans,pdf_scans,pdf,4.97,eb008ce8811923dae520dc884b7a9392,unknown,19.0,,0,72.0,55.45013144632772,2400.0,1350.0,72.0,True,,True,19,False,medium
2D_Simultaneous_Inversion_Bonaparte_Basin_project_report.docx,2D_Simultaneous_Inversion_Bonaparte_Basin_project_report,data\raw\doc_Word,doc_Word,docx,29.164,6ccff570ad019ee232e7afb20dfc800a,en,66.0,,2,149.987,107.81478657928973,789.0,414.0,149.987,True,,False,154,True,low
A decade of marine seismic technology development.docx,A decade of marine seismic technology development,data\raw\doc_Word,doc_Word,docx,0.037,88652dd7f435ee7599ff14b96047c571,en,4.0,,0,,,,,,False,,False,0,True,low
A Seismic Multi-Attribute on the LightGBM-RFECV Coupling Algorithm.docx,A Seismic Multi-Attribute on the LightGBM-RFECV Coupling Algorithm,data\raw\doc_Word,doc_Word,docx,0.363,8a00d6347dde724351ea05ea545df4a3,en,13.0,,1,150.0,39.96769383161793,653.0,741.0,150.0,True,,False,16,True,low
Application of seismic inversion constrained geological modeling technology.docx,Application of seismic inversion constrained geological modeling technology,data\raw\doc_Word,doc_Word,docx,5.557,a4127aeaa5578e4f172efb98fb66bf72,en,8.0,,0,96.012,66.989391761265,1965.0,1139.0,96.012,True,,False,7,True,low
Assessing Gas Hydrate Prospects on the North Slope of Alaska.docx,Assessing Gas Hydrate Prospects on the North Slope of Alaska,data\raw\doc_Word,doc_Word,docx,5.621,614a89a5ff4de90499b4aa2404bed1c3,en,36.0,,2,95.9866,99.75187334226568,281.0,244.0,95.9866,True,,False,91,True,low
Elastic seismic inversion and reservoir characterization in the Llanos Basin.docx,Elastic seismic inversion and reservoir characterization in the Llanos Basin,data\raw\doc_Word,doc_Word,docx,4.64,40942eead7cb8c7c3b7b50bcbefbd61a,en,16.0,,0,96.0,45.4829457549603,511.0,567.0,96.0,True,,False,36,True,low
Guidelines for interpreted data.docx,Guidelines for interpreted data,data\raw\doc_Word,doc_Word,docx,0.083,45aa87e101f2a197e238167d4c9b1a02,en,14.0,,1,,,,,,False,,False,0,True,low
Implementation of seismic surveys on the Norwegian Continental Shelf.docx,Implementation of seismic surveys on the Norwegian Continental Shelf,data\raw\doc_Word,doc_Word,docx,0.217,65bb384db3d6d26e073eefcc9e1ee50c,en,22.0,,0,96.0,85.80180750981691,234.0,347.0,96.0,True,,False,5,True,low
Integration of and Model-Based Seismic Inversion and Neural Network Method.docx,Integration of and Model-Based Seismic Inversion and Neural Network Method,data\raw\doc_Word,doc_Word,docx,2.259,4a6464bbb7426431178dbebebe8e6a9c,en,9.0,,2,96.012,54.69805590475937,494.0,677.0,96.012,True,,False,63,True,low
Integration of Deterministic Seismic inversion with Machine Learning.docx,Integration of Deterministic Seismic inversion with Machine Learning,data\raw\doc_Word,doc_Word,docx,4.638,524bdcf6f69014c94e2efeee2956b1dc,en,6.0,,4,96.012,42.473110318372186,1340.0,1364.0,96.012,True,,False,7,True,low
Poro-Acoustic Impedance.docx,Poro-Acoustic Impedance,data\raw\doc_Word,doc_Word,docx,2.842,aa822280e67224081c2a6ff633556764,en,14.0,,3,96.0,42.75970084230958,622.0,625.0,96.0,True,,False,26,True,low
Probabilistic inversion of seismic data.docx,Probabilistic inversion of seismic data,data\raw\doc_Word,doc_Word,docx,2.088,786c55cedbc4ae7c827829be44de5988,en,20.0,,0,96.012,0.0,10.0,40.0,96.012,True,,False,10,True,low
Qualitative and quantitative reservoir characterization using seismic inversion.docx,Qualitative and quantitative reservoir characterization using seismic inversion,data\raw\doc_Word,doc_Word,docx,6.17,cdb68c1cd597a60ae6259c130c4b506c,en,19.0,,2,96.012,60.58707419870356,1273.0,1352.0,96.012,True,,False,11,True,low
Reservoir Characterization Based on Bayesian AVO.docx,Reservoir Characterization Based on Bayesian AVO,data\raw\doc_Word,doc_Word,docx,3.722,1405957a2e0298160fba3d9992ea2890,en,22.0,,1,149.987,0.0,6.0,21.0,149.987,True,,False,23,True,low
Reservoir Characterization Integrating Seismic Attributes.docx,Reservoir Characterization Integrating Seismic Attributes,data\raw\doc_Word,doc_Word,docx,4.615,84c46bd76a3adc290455421c1ed1bd9a,en,14.0,,0,220.0,57.7987092195542,1448.0,329.0,220.0,True,,False,10,True,low
Reservoir Characterization Using Intelligent Seismic Inversion.docx,Reservoir Characterization Using Intelligent Seismic Inversion,data\raw\doc_Word,doc_Word,docx,2.587,248b1403e89d02381d1ab80e7804022c,en,18.0,,10,96.0,55.54747708539782,439.0,352.0,96.0,True,,False,52,True,low
Seismic_Imaging_and_Interpretation_Techniques.docx,Seismic_Imaging_and_Interpretation_Techniques,data\raw\doc_Word,doc_Word,docx,0.229,bbd851df860974bbff81187741dd3be5,en,5.0,,0,96.0,35.65588570135424,497.0,487.0,96.0,True,,False,3,True,low
Seismic_Imaging_and_Interpretation_Techniques_doc.doc,Seismic_Imaging_and_Interpretation_Techniques_doc,data\raw\doc_Word,doc_Word,doc,0.253,cadbcced3f06f359fbd4b82ffcd1e877,en,5.0,,0,,,,,,False,,False,0,True,low
Annual Energy  Oil and Gas Supply.xlsx,Annual Energy  Oil and Gas Supply,data\raw\tables,tables,xlsx,0.021,5af987d46effeb975362aa949a40bc07,en,,1.0,1,,,,,,False,,False,0,True,low
"Annual Energy  Total Energy Supply, Disposition, and Price Summary.xlsx","Annual Energy  Total Energy Supply, Disposition, and Price Summary",data\raw\tables,tables,xlsx,0.027,f737af0e556fe1e28bf171d0107e2258,en,,1.0,1,,,,,,False,,False,0,True,low
CP_Kronos1_Well_Seismic_Report_VSP_data.xlsx,CP_Kronos1_Well_Seismic_Report_VSP_data,data\raw\tables,tables,xlsx,0.024,3ed7dd6c97a3f572f6597208cd1ffc89,en,,1.0,1,,,,,,False,,False,0,True,low
Crude Oil and Natural Gas Exploratory and Development Wells.xlsx,Crude Oil and Natural Gas Exploratory and Development Wells,data\raw\tables,tables,xlsx,0.017,045cb6bffb9a6b2745821384f6fb063f,en,,2.0,2,,,,,,False,,False,0,True,low
DPR_data_region_month_oil_natural_gas.xlsx,DPR_data_region_month_oil_natural_gas,data\raw\tables,tables,xlsx,0.151,8d23dbda85513d899ca153b8254f0fc1,en,,8.0,8,,,,,,False,,False,0,True,low
GEoREST_induced_seismicity_database_20_11_2022.xlsx,GEoREST_induced_seismicity_database_20_11_2022,data\raw\tables,tables,xlsx,0.148,9a6a0ff020a4e0f9db216a64ea166816,en,,1.0,1,,,,,,False,,False,0,True,low
Oil well operation parameters (2013).xlsx,Oil well operation parameters (2013),data\raw\tables,tables,xlsx,0.016,7895d18a4c38bb4131925a1c01f328fd,en,,1.0,1,,,,,,False,,False,0,True,low
Oil_and_Gas_Wells.xlsx,Oil_and_Gas_Wells,data\raw\tables,tables,xlsx,0.951,e2be97b7153260f1c6b9519a5a965b3b,en,,1.0,1,,,,,,False,,False,0,True,low
"Petroleum Segments_Exploration, Development, & Production Statistics.xlsx","Petroleum Segments_Exploration, Development, & Production Statistics",data\raw\tables,tables,xlsx,0.078,368bf4622ff84b714843350ce675e06f,en,,1.0,1,,,,,,False,,False,0,True,low
Petroleum Segments_Proved Petroleum Reserves.xlsx,Petroleum Segments_Proved Petroleum Reserves,data\raw\tables,tables,xlsx,0.079,684a24dea16b7b1394270ed803f07bbc,en,,1.0,1,,,,,,False,,False,0,True,low
Pools allocated to petroleum system in the San Joaquin Basin Province.xlsx,Pools allocated to petroleum system in the San Joaquin Basin Province,data\raw\tables,tables,xlsx,0.13,b13e8cdacf35831c0bcb324ffc44adb6,en,,1.0,1,,,,,,False,,False,0,True,low
Reservoir rock allocated to each producing zone all.xlsx,Reservoir rock allocated to each producing zone all,data\raw\tables,tables,xlsx,0.017,2ba39f18af24d90722d9e3e8b349cab1,en,,1.0,1,,,,,,False,,False,0,True,low
Reservoir rock allocated to each producing zone.xlsx,Reservoir rock allocated to each producing zone,data\raw\tables,tables,xlsx,0.01,ba21cce9b712283df92eaf53eca78a9f,en,,1.0,1,,,,,,False,,False,0,True,low
Seismic_Water_Bottom_Anomalies.xlsx,Seismic_Water_Bottom_Anomalies,data\raw\tables,tables,xlsx,0.063,d4759c18fb2715280a5267545ab5c267,en,,1.0,1,,,,,,False,,False,0,True,low
Tight oil production estimates by play.xls,Tight oil production estimates by play,data\raw\tables,tables,xls,0.072,2fe4f3c82bb639dfeb1f42bee9188a71,en,,1.0,1,,,,,,False,,False,0,True,low
W1 Well Logs.xlsx,W1 Well Logs,data\raw\tables,tables,xlsx,0.013,68d9f0343ab3e627ac72f97a8f11ab9c,en,,2.0,2,,,,,,False,,False,0,True,low
Box-plots-ranges-of-source-depths.jpg,Box-plots-ranges-of-source-depths,data\raw\images,images,jpg,0.182,d5f5dca6c03627eeb2647fd0dadb4b8c,unknown,,,0,96.0,45.105148899937916,4698.337442793668,232.3363596462709,96.0,True,-90.0,True,1,,high
Convolution_Polarity.jpg,Convolution_Polarity,data\raw\images,images,jpg,0.069,d1ac018ba15b5321f856edfee712c950,unknown,,,0,168.0,109.36509587533558,2039.8472858490848,183.63356420361885,168.0,True,-90.0,True,1,,high
defs_ref_data.jpg,defs_ref_data,data\raw\images,images,jpg,0.1,e78e80e7e827ee716981a73840fb0ac1,unknown,,,0,96.0,47.61383510240768,793.9391377426956,218.8291927625618,96.0,True,-90.0,True,1,,high
Example-of-a-near-seafloor-structure.jpg,Example-of-a-near-seafloor-structure,data\raw\images,images,jpg,0.587,6557b9f74c283c7cb4390ba9277c387c,unknown,,,0,96.0,60.754689004663746,5394.285758069174,217.04074149072918,96.0,True,-90.0,True,1,,high
Example-of-a-regional-seismic-line-from-the-eastern-Gulf-of-Mexico.jpg,Example-of-a-regional-seismic-line-from-the-eastern-Gulf-of-Mexico,data\raw\images,images,jpg,0.327,ec0cd8b431d3438f227f772a163d0864,unknown,,,0,96.0,47.359029235757745,3617.4242085273777,222.6375451788963,96.0,True,-90.0,True,1,,high
Facies-of-deepwater-depositional-systems-Shoup.jpg,Facies-of-deepwater-depositional-systems-Shoup,data\raw\images,images,jpg,0.319,7adf1d926ba0be29356efc41ee629b02,unknown,,,0,96.0,61.15689268845574,4258.276798277579,196.62196953338176,96.0,True,-90.0,True,1,,high
Geophysics_cheatsheet.png,Geophysics_cheatsheet,data\raw\images,images,png,1.098,4e8a1c9dd2dc1dfb2e1322ae74b227a4,unknown,,,0,150.01239999999999,47.810252047046916,3890.7825171925565,228.73299453883496,150.01239999999999,True,-90.0,True,1,,high
Integrated stratigraphic column of the Yingshan area.jpg,Integrated stratigraphic column of the Yingshan area,data\raw\images,images,jpg,0.51,57006775c596bbda828c93bcdd3bc984,unknown,,,0,96.0,47.83913331776063,2337.636916673733,230.7497154506073,96.0,True,-90.0,True,1,,high
Integrated workflow for high-resolution 3D seismic processing and quantitative interpretation.jpg,Integrated workflow for high-resolution 3D seismic processing and quantitative interpretation,data\raw\images,images,jpg,0.364,8f04865ba3ad89258aa000b86342dd34,unknown,,,0,96.0,62.68297383434515,9527.393236679613,229.34727281527182,96.0,True,0.0,True,1,,high
Northern-Gulf-of-Mexico-Basin-source-intervals-ages-hydrocarbon-families-and-summary.jpg,Northern-Gulf-of-Mexico-Basin-source-intervals-ages-hydrocarbon-families-and-summary,data\raw\images,images,jpg,0.533,48abca6d9bd2be797ea8ff4cf678dcc9,unknown,,,0,555.0,65.64056501489723,287.0782106432948,225.10539043916228,555.0,False,-90.0,True,1,,high
NW-SE-time-migrated-seismic-line-showing-extensional-basins-developed-atop-the-eastern.jpg,NW-SE-time-migrated-seismic-line-showing-extensional-basins-developed-atop-the-eastern,data\raw\images,images,jpg,0.379,afd4685648a21046e29f7f954890fcc1,unknown,,,0,96.0,67.19514522765063,12706.323345402303,215.44234395591656,96.0,True,0.0,True,1,,high
Postack - Seismic inversion (post-stacking vs pre-stacking).jpg,Postack - Seismic inversion (post-stacking vs pre-stacking),data\raw\images,images,jpg,0.102,09927ac26a2eb7bd6a7e43ca6ef4c7ef,unknown,,,0,96.0,49.096490450780564,2009.0410168815226,234.66536696847578,96.0,True,-90.0,True,1,,high
Prestack - Seismic inversion (post-stacking vs pre-stacking).jpg,Prestack - Seismic inversion (post-stacking vs pre-stacking),data\raw\images,images,jpg,0.129,a3e87fe33e10b070d852cbfe42791861,unknown,,,0,96.0,48.79148665117458,1042.9323884378698,232.39519214603405,96.0,True,0.0,True,1,,high
Regional-seismic-profile-showing-rift-structure-and-prerift-synrift-and-postrift.jpg,Regional-seismic-profile-showing-rift-structure-and-prerift-synrift-and-postrift,data\raw\images,images,jpg,0.285,ff4240c2a12a74afb10619f542b5b4c8,unknown,,,0,96.0,89.80991448021322,10809.90282706623,159.39538494208938,96.0,True,-90.0,True,1,,high
Regional-seismic-sections-across-the-northern-North-Sea-rift-from-north-to-south-See.jpg,Regional-seismic-sections-across-the-northern-North-Sea-rift-from-north-to-south-See,data\raw\images,images,jpg,0.323,7740a4ea095baec8bb1bba1b506545a7,unknown,,,0,96.0,39.394599389981394,5235.045441967666,216.7466282853567,96.0,True,-90.0,True,1,,high
Representative-E-W-seismic-line-through-the-salt-minibasins-and-salt-diapirs.jpg,Representative-E-W-seismic-line-through-the-salt-minibasins-and-salt-diapirs,data\raw\images,images,jpg,0.293,52857f0bfa7051009471b52ef54bf5c1,unknown,,,0,96.0,52.60457091679014,10919.108899172486,212.12223854691615,96.0,True,-90.0,True,1,,high
SE-NW-seismic-section.jpg,SE-NW-seismic-section,data\raw\images,images,jpg,0.328,b763450d6ae10f5ab01bd291eb726c9b,unknown,,,0,96.0,42.563180706281656,2927.626345402196,214.75717684800202,96.0,True,0.0,True,1,,high
SEG_EURO_Polarity.jpg,SEG_EURO_Polarity,data\raw\images,images,jpg,0.046,51880a80e61ddf2e29018e00fd23f926,unknown,,,0,96.0,48.602765019580964,1273.0926546036706,239.07020364415862,96.0,True,-90.0,True,1,,high
Seismic inversion (post-stacking vs pre-stacking).jpg,Seismic inversion (post-stacking vs pre-stacking),data\raw\images,images,jpg,0.075,349958f829c9bbfaed899338fd76a6fe,unknown,,,0,96.0,34.700663913919094,1728.8861483922412,238.394244587818,96.0,True,-90.0,True,1,,high
seismic polarity.png,seismic polarity,data\raw\images,images,png,0.13,edfcdd9ce6d8671b5cbe06c2b7cf2af2,unknown,,,0,95.9866,60.750838087914616,8731.586677902891,235.58234688404406,95.9866,True,-90.0,True,1,,high
Seismic-Cross-Section-over-the-Mid-North-Sea-High-from-the-Anglo-Dutch-Basin.jpg,Seismic-Cross-Section-over-the-Mid-North-Sea-High-from-the-Anglo-Dutch-Basin,data\raw\images,images,jpg,0.677,e91933d053fc16bb4448dce64a55e08d,unknown,,,0,96.0,69.525436010013,28547.625426369603,173.24169129322513,96.0,True,-90.0,True,1,,high
Series-of-seismic-reflection-profiles-showing-the-differences-in-rift-geometries-and-rift.jpg,Series-of-seismic-reflection-profiles-showing-the-differences-in-rift-geometries-and-rift,data\raw\images,images,jpg,0.463,f601ad48d2e939c95e2fd3e28cf90276,unknown,,,0,96.0,65.56690982624134,11383.608334550378,177.12442228197713,96.0,True,-90.0,True,1,,high
The-poststack-inversion-workflow-was-used-in-this-study-in-which-three-key-components.jpg,The-poststack-inversion-workflow-was-used-in-this-study-in-which-three-key-components,data\raw\images,images,jpg,0.119,1385bd50145ca39ed97ca0998a3a47f8,unknown,,,0,96.0,52.97339697346123,10266.783881352225,241.49979747996758,96.0,True,-90.0,True,1,,high
vertical-and-horizontal-stratigraphic-compartmentalization-and-baffling-by-reservoi.jpg,vertical-and-horizontal-stratigraphic-compartmentalization-and-baffling-by-reservoi,data\raw\images,images,jpg,0.072,3caf4a2777fa98f62086ad5ae0fa93fe,unknown,,,0,96.0,48.386247696346594,1701.5497784506356,243.1184071081569,96.0,True,-90.0,True,1,,high
Workflow-for-seismic-interpretation.jpg,Workflow-for-seismic-interpretation,data\raw\images,images,jpg,0.284,b9d8efb106dd214123b87d635679bca5,unknown,,,0,96.0,54.334440550571365,4860.098916559786,224.37901522479427,96.0,True,-90.0,True,1,,high
Basic elements of a reservoir characterization study.txt,Basic elements of a reservoir characterization study,data\raw\txt,txt,txt,0.011,30b2d1cdb5a1b3afc306c73d83e78cb1,en,,,0,,,,,,False,,False,0,True,low
Geophysics.txt,Geophysics,data\raw\txt,txt,txt,0.003,8c3c7368d1c41b35159801b78a2198e3,en,,,0,,,,,,False,,False,0,True,low
Geostatistical reservoir modeling.txt,Geostatistical reservoir modeling,data\raw\txt,txt,txt,0.016,e0a9b95062a0090029abae008ce86689,en,,,0,,,,,,False,,False,0,True,low
Geostatistics.txt,Geostatistics,data\raw\txt,txt,txt,0.011,5e20335a91afb288d323dafc7882ab7a,en,,,0,,,,,,False,,False,0,True,low
Predicting rock properties.txt,Predicting rock properties,data\raw\txt,txt,txt,0.004,bb9483f75170bdb8f5c5abbec40601d4,en,,,0,,,,,,False,,False,0,True,low
Reservoir geophysics overview.txt,Reservoir geophysics overview,data\raw\txt,txt,txt,0.012,24916c66949af341caa3de69bc8b3bb8,en,,,0,,,,,,False,,False,0,True,low
Reservoir simulation applications.txt,Reservoir simulation applications,data\raw\txt,txt,txt,0.018,195b2862b52f7499569c1f4b3c337e7d,en,,,0,,,,,,False,,False,0,True,low
Seismic attributes for reservoir studies.txt,Seismic attributes for reservoir studies,data\raw\txt,txt,txt,0.018,dd0e532d880a38e22e13f448d5833f8c,en,,,0,,,,,,False,,False,0,True,low
Seismic attributes.txt,Seismic attributes,data\raw\txt,txt,txt,0.007,ba2c5cee17c607ff78a43f0f6a0e8aae,en,,,0,,,,,,False,,False,0,True,low
Seismic imaging and inversion.txt,Seismic imaging and inversion,data\raw\txt,txt,txt,0.018,7d456b3773076faf3ee7998714709007,en,,,0,,,,,,False,,False,0,True,low
Seismic interpretation.txt,Seismic interpretation,data\raw\txt,txt,txt,0.023,aecd12a92796d4bd27058e3d37bd0b17,en,,,0,,,,,,False,,False,0,True,low
Seismic time-lapse reservoir monitoring.txt,Seismic time-lapse reservoir monitoring,data\raw\txt,txt,txt,0.008,b992c255f4ddeadcdf59641fec438e28,en,,,0,,,,,,False,,False,0,True,low
WA1.txt,WA1,data\raw\txt,txt,txt,0.008,96852bc47943d4342a0190c3c8139404,en,,,0,,,,,,False,,False,0,True,low
