well_id,X,Y,Z_well,Z_map,horizon_id,tectonic_zone,well_category,reservoir_flag,fluid_type,T_well,T_map
W-001,7501.1,9671.5,2319.03,2304.07,Top_Reservoir,Central_Graben,production,non_reservoir,non_reservoir,1713.24,1791.03
W-001,7501.1,9671.5,2260.24,2241.9,Top_Seal,Central_Graben,production,non_reservoir,non_reservoir,1669.81,1742.84
W-002,10766.6,6577.6,2485.68,2463.86,Top_Reservoir,South_Block,production,reservoir,water,1768.15,1781.45
W-002,10766.6,6577.6,2449.96,2428.13,Top_Seal,South_Block,production,reservoir,water,1742.74,1757.54
W-003,9308.2,4282.2,2538.94,2555.91,Top_Reservoir,South_Block,production,reservoir,water,1866.42,1821.17
W-003,9308.2,4282.2,2498.47,2521.43,Top_Seal,South_Block,production,reservoir,water,1836.67,1783.37
W-004,2702.5,5237.4,2325.51,2283.12,Top_Reservoir,North_Block,production,non_reservoir,non_reservoir,1772.1,1707.71
W-004,2702.5,5237.4,2260.54,2214.73,Top_Seal,North_Block,production,non_reservoir,non_reservoir,1722.59,1644.15
W-005,3602.0,8728.1,2327.43,2339.09,Top_Reservoir,North_Block,exploration,non_reservoir,non_reservoir,1730.67,1704.4
W-005,3602.0,8728.1,2252.64,2281.29,Top_Seal,North_Block,exploration,non_reservoir,non_reservoir,1675.06,1646.45
W-006,10482.6,3442.1,2540.38,2571.49,Top_Reservoir,South_Block,production,reservoir,gas,1860.82,1926.7
W-006,10482.6,3442.1,2508.27,2540.29,Top_Seal,South_Block,production,reservoir,gas,1837.3,1902.8
W-007,63.2,5902.9,2259.41,2255.45,Top_Reservoir,North_Block,production,reservoir,oil,1747.89,1731.71
W-007,63.2,5902.9,2230.47,2228.65,Top_Seal,North_Block,production,reservoir,oil,1725.5,1715.1
W-008,9854.7,6836.8,2485.49,2469.25,Top_Reservoir,South_Block,production,reservoir,oil,1851.1,1835.46
W-008,9854.7,6836.8,2451.45,2438.39,Top_Seal,South_Block,production,reservoir,oil,1825.75,1803.27
W-009,9564.8,3554.1,2539.42,2541.08,Top_Reservoir,South_Block,appraisal,reservoir,oil,1869.46,1903.56
W-009,9564.8,3554.1,2496.44,2482.57,Top_Seal,South_Block,appraisal,reservoir,oil,1837.82,1870.24
W-010,5615.2,5191.0,2379.26,2378.2,Top_Reservoir,Central_Graben,production,non_reservoir,non_reservoir,1785.21,1743.86
W-010,5615.2,5191.0,2345.78,2361.29,Top_Seal,Central_Graben,production,non_reservoir,non_reservoir,1760.09,1726.14
W-011,3636.4,7652.5,2297.23,2281.99,Top_Reservoir,North_Block,production,reservoir,oil,1699.46,1663.65
W-011,3636.4,7652.5,2242.79,2227.41,Top_Seal,North_Block,production,reservoir,oil,1659.19,1615.02
W-012,3341.1,9091.8,2325.29,2334.95,Top_Reservoir,North_Block,production,reservoir,water,1763.69,1757.22
W-012,3341.1,9091.8,2269.45,2278.83,Top_Seal,North_Block,production,reservoir,water,1721.34,1713.95
W-013,3058.4,1510.6,2416.0,2452.73,Top_Reservoir,North_Block,production,reservoir,oil,1742.01,1822.06
W-013,3058.4,1510.6,2385.73,2420.01,Top_Seal,North_Block,production,reservoir,oil,1720.18,1797.13
W-014,5340.9,9334.2,2377.95,2346.71,Top_Reservoir,Central_Graben,production,reservoir,gas,1768.19,1724.11
W-014,5340.9,9334.2,2324.66,2303.58,Top_Seal,Central_Graben,production,reservoir,gas,1728.57,1672.42
W-015,6054.6,51.8,2474.14,2462.16,Top_Reservoir,Central_Graben,production,reservoir,water,1805.0,1828.59
W-015,6054.6,51.8,2448.91,2439.83,Top_Seal,Central_Graben,production,reservoir,water,1786.59,1809.1
W-016,6642.0,7529.8,2410.58,2310.1,Top_Reservoir,Central_Graben,appraisal,non_reservoir,non_reservoir,1746.3,1777.93
W-016,6642.0,7529.8,2362.32,2269.99,Top_Seal,Central_Graben,appraisal,non_reservoir,non_reservoir,1711.34,1752.17
W-017,11946.0,8105.3,2546.73,2553.38,Top_Reservoir,South_Block,production,non_reservoir,non_reservoir,1867.25,1854.92
W-017,11946.0,8105.3,2472.95,2480.58,Top_Seal,South_Block,production,non_reservoir,non_reservoir,1813.15,1819.33
W-018,9511.9,1367.6,2506.84,2476.51,Top_Reservoir,South_Block,exploration,reservoir,gas,1877.79,1820.95
W-018,9511.9,1367.6,2441.87,2409.65,Top_Seal,South_Block,exploration,reservoir,gas,1829.12,1760.2
W-019,7466.2,4189.0,2540.63,2435.55,Top_Reservoir,Central_Graben,production,reservoir,oil,1853.68,1805.33
W-019,7466.2,4189.0,2485.79,2377.63,Top_Seal,Central_Graben,production,reservoir,oil,1813.67,1772.95
W-020,11867.5,8152.6,2483.19,2508.49,Top_Reservoir,South_Block,production,reservoir,water,1789.04,1855.94
W-020,11867.5,8152.6,2441.92,2469.03,Top_Seal,South_Block,production,reservoir,water,1759.31,1835.36
W-021,2583.7,142.7,2457.11,2444.5,Top_Reservoir,North_Block,production,reservoir,water,1805.4,1837.22
W-021,2583.7,142.7,2421.79,2407.7,Top_Seal,North_Block,production,reservoir,water,1779.45,1821.28
W-022,1922.5,6284.6,2249.67,2269.35,Top_Reservoir,North_Block,production,reservoir,water,1719.56,1732.0
W-022,1922.5,6284.6,2202.53,2221.39,Top_Seal,North_Block,production,reservoir,water,1683.53,1692.28
W-023,7350.5,7930.2,2361.49,2448.47,Top_Reservoir,Central_Graben,production,reservoir,oil,1762.46,1867.03
W-023,7350.5,7930.2,2322.59,2408.48,Top_Seal,Central_Graben,production,reservoir,oil,1733.43,1840.54
W-024,527.3,5130.0,2260.5,2266.28,Top_Reservoir,North_Block,production,reservoir,oil,1702.52,1676.71
W-024,527.3,5130.0,2191.75,2197.48,Top_Seal,North_Block,production,reservoir,oil,1650.74,1619.79
W-025,428.2,7258.5,2232.21,2242.79,Top_Reservoir,North_Block,production,reservoir,water,1649.23,1677.0
W-025,428.2,7258.5,2196.55,2219.29,Top_Seal,North_Block,production,reservoir,water,1622.88,1655.24
W-026,6178.7,2264.2,2433.75,2545.97,Top_Reservoir,Central_Graben,appraisal,reservoir,oil,1809.04,1899.28
W-026,6178.7,2264.2,2395.04,2514.82,Top_Seal,Central_Graben,appraisal,reservoir,oil,1780.26,1880.38
W-027,5594.5,1985.2,2443.45,2431.61,Top_Reservoir,Central_Graben,production,reservoir,oil,1813.72,1776.49
W-027,5594.5,1985.2,2378.09,2363.71,Top_Seal,Central_Graben,production,reservoir,oil,1765.21,1725.85
W-028,11006.0,3631.3,2537.54,2521.87,Top_Reservoir,South_Block,exploration,reservoir,gas,1885.5,1818.66
W-028,11006.0,3631.3,2499.12,2489.26,Top_Seal,South_Block,exploration,reservoir,gas,1856.95,1791.88
W-029,7550.7,1794.1,2505.89,2378.92,Top_Reservoir,Central_Graben,appraisal,reservoir,water,1882.06,1754.99
W-029,7550.7,1794.1,2467.49,2343.49,Top_Seal,Central_Graben,appraisal,reservoir,water,1853.22,1733.21
W-030,6169.4,3460.6,2430.09,2431.92,Top_Reservoir,Central_Graben,production,reservoir,water,1812.14,1807.89
W-030,6169.4,3460.6,2401.55,2402.65,Top_Seal,Central_Graben,production,reservoir,water,1790.85,1792.49
W-031,5962.5,9481.2,2314.11,2398.15,Top_Reservoir,Central_Graben,production,reservoir,oil,1687.72,1770.24
W-031,5962.5,9481.2,2265.75,2351.66,Top_Seal,Central_Graben,production,reservoir,oil,1652.45,1729.41
W-032,2970.2,5733.3,2303.26,2343.21,Top_Reservoir,North_Block,production,non_reservoir,non_reservoir,1694.68,1782.59
W-032,2970.2,5733.3,2265.05,2299.76,Top_Seal,North_Block,production,non_reservoir,non_reservoir,1666.57,1765.78
W-033,141.5,3400.7,2288.22,2273.79,Top_Reservoir,North_Block,appraisal,reservoir,water,1688.28,1758.96
W-033,141.5,3400.7,2218.77,2200.64,Top_Seal,North_Block,appraisal,reservoir,water,1637.04,1711.68
W-034,2308.8,2715.2,2389.4,2343.61,Top_Reservoir,North_Block,production,reservoir,oil,1788.5,1683.47
W-034,2308.8,2715.2,2350.08,2306.36,Top_Seal,North_Block,production,reservoir,oil,1759.07,1655.26
W-035,8304.4,9520.4,2384.85,2347.07,Top_Reservoir,South_Block,production,reservoir,gas,1761.51,1672.31
W-035,8304.4,9520.4,2321.16,2281.91,Top_Seal,South_Block,production,reservoir,gas,1714.47,1625.54
W-036,2407.3,4444.8,2282.33,2288.83,Top_Reservoir,North_Block,appraisal,reservoir,water,1749.66,1746.78
W-036,2407.3,4444.8,2232.97,2258.76,Top_Seal,North_Block,appraisal,reservoir,water,1711.82,1714.67
W-037,4434.4,9803.9,2325.15,2311.97,Top_Reservoir,Central_Graben,appraisal,non_reservoir,non_reservoir,1744.29,1699.35
W-037,4434.4,9803.9,2276.75,2268.67,Top_Seal,Central_Graben,appraisal,non_reservoir,non_reservoir,1707.98,1671.52
W-038,44.8,5155.2,2279.31,2284.47,Top_Reservoir,North_Block,production,reservoir,oil,1722.67,1770.16
W-038,44.8,5155.2,2206.06,2212.31,Top_Seal,North_Block,production,reservoir,oil,1667.31,1704.23
W-039,9960.6,5211.7,2511.22,2515.0,Top_Reservoir,South_Block,appraisal,non_reservoir,non_reservoir,1856.1,1944.29
W-039,9960.6,5211.7,2441.31,2461.17,Top_Seal,South_Block,appraisal,non_reservoir,non_reservoir,1804.43,1885.37
W-040,1853.5,8965.4,2317.16,2297.42,Top_Reservoir,North_Block,production,reservoir,oil,1748.71,1720.7
W-040,1853.5,8965.4,2288.21,2270.26,Top_Seal,North_Block,production,reservoir,oil,1726.86,1684.5
W-041,3211.2,7427.7,2332.67,2325.27,Top_Reservoir,North_Block,production,reservoir,oil,1711.13,1729.73
W-041,3211.2,7427.7,2295.41,2286.19,Top_Seal,North_Block,production,reservoir,oil,1683.8,1706.05
W-042,10564.0,5806.5,2506.97,2508.73,Top_Reservoir,South_Block,production,reservoir,water,1899.55,1834.66
W-042,10564.0,5806.5,2472.73,2467.59,Top_Seal,South_Block,production,reservoir,water,1873.61,1811.89
W-043,6117.5,4266.5,2486.87,2471.68,Top_Reservoir,Central_Graben,production,non_reservoir,non_reservoir,1878.9,1839.86
W-043,6117.5,4266.5,2416.6,2398.42,Top_Seal,Central_Graben,production,non_reservoir,non_reservoir,1825.81,1783.85
W-044,10165.8,8781.9,2405.04,2412.64,Top_Reservoir,South_Block,appraisal,reservoir,gas,1821.31,1783.86
W-044,10165.8,8781.9,2352.35,2347.46,Top_Seal,South_Block,appraisal,reservoir,gas,1781.41,1734.84
W-045,7676.6,4116.5,2498.0,2605.97,Top_Reservoir,Central_Graben,production,reservoir,water,1809.07,1865.44
W-045,7676.6,4116.5,2454.42,2554.16,Top_Seal,Central_Graben,production,reservoir,water,1777.51,1844.72
W-046,8901.3,9227.6,2415.75,2435.9,Top_Reservoir,South_Block,production,reservoir,water,1749.35,1827.83
W-046,8901.3,9227.6,2349.06,2380.54,Top_Seal,South_Block,production,reservoir,water,1701.05,1792.79
W-047,1097.9,687.2,2390.37,2393.63,Top_Reservoir,North_Block,production,reservoir,gas,1732.24,1700.37
W-047,1097.9,687.2,2347.93,2352.76,Top_Seal,North_Block,production,reservoir,gas,1701.49,1682.7
W-048,6493.7,4300.0,2442.24,2344.35,Top_Reservoir,Central_Graben,appraisal,reservoir,water,1771.79,1748.59
W-048,6493.7,4300.0,2383.16,2284.49,Top_Seal,Central_Graben,appraisal,reservoir,water,1728.93,1706.13
W-049,6093.3,5195.1,2420.2,2441.96,Top_Reservoir,Central_Graben,production,reservoir,oil,1812.13,1806.65
W-049,6093.3,5195.1,2383.78,2405.34,Top_Seal,Central_Graben,production,reservoir,oil,1784.86,1780.54
W-050,10456.1,9509.4,2402.05,2355.52,Top_Reservoir,South_Block,appraisal,reservoir,oil,1803.02,1795.71
W-050,10456.1,9509.4,2375.86,2332.29,Top_Seal,South_Block,appraisal,reservoir,oil,1783.36,1777.19
W-051,4335.2,2510.0,2447.7,2315.23,Top_Reservoir,Central_Graben,appraisal,non_reservoir,non_reservoir,1855.82,1731.79
W-051,4335.2,2510.0,2387.89,2248.85,Top_Seal,Central_Graben,appraisal,non_reservoir,non_reservoir,1810.48,1685.32
W-052,7178.2,8060.4,2358.94,2407.23,Top_Reservoir,Central_Graben,exploration,non_reservoir,non_reservoir,1813.39,1806.29
W-052,7178.2,8060.4,2317.1,2361.29,Top_Seal,Central_Graben,exploration,non_reservoir,non_reservoir,1781.22,1763.93
W-053,711.0,6764.7,2231.77,2244.94,Top_Reservoir,North_Block,production,reservoir,water,1700.77,1661.06
W-053,711.0,6764.7,2189.67,2213.31,Top_Seal,North_Block,production,reservoir,water,1668.69,1623.94
W-054,4651.6,7170.9,2306.19,2296.08,Top_Reservoir,Central_Graben,production,reservoir,water,1737.01,1726.98
W-054,4651.6,7170.9,2267.4,2250.75,Top_Seal,Central_Graben,production,reservoir,water,1707.79,1704.52
W-055,3876.4,6296.2,2334.2,2247.37,Top_Reservoir,North_Block,production,reservoir,oil,1740.58,1718.49
W-055,3876.4,6296.2,2296.63,2212.52,Top_Seal,North_Block,production,reservoir,oil,1712.57,1690.45
W-056,1802.4,9715.6,2286.83,2282.09,Top_Reservoir,North_Block,production,reservoir,gas,1707.95,1751.37
W-056,1802.4,9715.6,2233.32,2221.41,Top_Seal,North_Block,production,reservoir,gas,1667.99,1707.45
W-057,9796.1,3326.8,2530.57,2512.95,Top_Reservoir,South_Block,production,reservoir,gas,1814.87,1838.82
W-057,9796.1,3326.8,2488.88,2467.14,Top_Seal,South_Block,production,reservoir,gas,1784.97,1806.83
W-058,4553.4,3982.8,2351.13,2386.78,Top_Reservoir,Central_Graben,production,reservoir,water,1765.43,1834.27
W-058,4553.4,3982.8,2304.85,2342.05,Top_Seal,Central_Graben,production,reservoir,water,1730.68,1814.03
W-059,11745.0,2029.1,2571.26,2618.79,Top_Reservoir,South_Block,appraisal,non_reservoir,non_reservoir,1875.28,1944.21
W-059,11745.0,2029.1,2536.16,2571.25,Top_Seal,South_Block,appraisal,non_reservoir,non_reservoir,1849.68,1930.95
W-060,7079.9,507.0,2466.37,2478.59,Top_Reservoir,Central_Graben,exploration,non_reservoir,non_reservoir,1801.81,1796.68
W-060,7079.9,507.0,2416.11,2422.59,Top_Seal,Central_Graben,exploration,non_reservoir,non_reservoir,1765.09,1769.11
W-061,7260.7,2129.1,2464.59,2419.25,Top_Reservoir,Central_Graben,production,reservoir,gas,1790.01,1690.56
W-061,7260.7,2129.1,2410.32,2363.92,Top_Seal,Central_Graben,production,reservoir,gas,1750.59,1652.61
W-062,7656.0,9154.6,2328.56,2259.65,Top_Reservoir,Central_Graben,production,non_reservoir,non_reservoir,1751.85,1651.59
W-062,7656.0,9154.6,2282.54,2210.67,Top_Seal,Central_Graben,production,non_reservoir,non_reservoir,1717.23,1606.93
W-063,8117.4,8401.7,2364.14,2359.86,Top_Reservoir,Central_Graben,production,reservoir,oil,1793.73,1758.31
W-063,8117.4,8401.7,2318.97,2298.41,Top_Seal,Central_Graben,production,reservoir,oil,1759.46,1725.65
W-064,1809.5,1124.1,2477.73,2464.62,Top_Reservoir,North_Block,production,reservoir,oil,1836.4,1831.3
W-064,1809.5,1124.1,2405.53,2382.67,Top_Seal,North_Block,production,reservoir,oil,1782.89,1775.11
W-065,5283.8,6037.8,2364.19,2296.63,Top_Reservoir,Central_Graben,production,reservoir,gas,1766.33,1701.71
W-065,5283.8,6037.8,2336.78,2261.59,Top_Seal,Central_Graben,production,reservoir,gas,1745.85,1686.37
W-066,2874.8,4792.0,2325.35,2325.32,Top_Reservoir,North_Block,production,reservoir,water,1731.52,1730.7
W-066,2874.8,4792.0,2284.05,2282.57,Top_Seal,North_Block,production,reservoir,water,1700.76,1708.43
W-067,4830.0,5946.8,2340.2,2272.51,Top_Reservoir,Central_Graben,production,non_reservoir,non_reservoir,1739.19,1723.27
W-067,4830.0,5946.8,2289.25,2216.52,Top_Seal,Central_Graben,production,non_reservoir,non_reservoir,1701.33,1679.75
W-068,1160.4,6592.8,2242.3,2262.45,Top_Reservoir,North_Block,appraisal,non_reservoir,non_reservoir,1684.11,1684.89
W-068,1160.4,6592.8,2187.38,2206.91,Top_Seal,North_Block,appraisal,non_reservoir,non_reservoir,1642.86,1654.57
W-069,11613.9,3066.6,2554.88,2575.9,Top_Reservoir,South_Block,exploration,reservoir,water,1850.74,1793.47
W-069,11613.9,3066.6,2527.77,2559.41,Top_Seal,South_Block,exploration,reservoir,water,1831.1,1774.31
W-070,2580.0,9613.5,2298.59,2318.67,Top_Reservoir,North_Block,production,non_reservoir,non_reservoir,1707.35,1725.68
W-070,2580.0,9613.5,2261.53,2276.04,Top_Seal,North_Block,production,non_reservoir,non_reservoir,1679.82,1698.9
W-071,8061.2,4658.4,2510.56,2483.17,Top_Reservoir,Central_Graben,appraisal,reservoir,gas,1846.26,1855.21
W-071,8061.2,4658.4,2482.85,2452.17,Top_Seal,Central_Graben,appraisal,reservoir,gas,1825.88,1830.2
W-072,3605.0,6281.0,2282.55,2292.83,Top_Reservoir,North_Block,production,reservoir,oil,1749.52,1690.34
W-072,3605.0,6281.0,2257.16,2276.69,Top_Seal,North_Block,production,reservoir,oil,1730.06,1669.34
W-073,10488.9,6352.3,2533.63,2516.67,Top_Reservoir,South_Block,production,reservoir,oil,1830.58,1868.43
W-073,10488.9,6352.3,2492.53,2479.55,Top_Seal,South_Block,production,reservoir,oil,1800.88,1839.51
W-074,7946.6,1838.9,2471.84,2449.1,Top_Reservoir,Central_Graben,appraisal,non_reservoir,non_reservoir,1853.08,1821.71
W-074,7946.6,1838.9,2426.49,2404.99,Top_Seal,Central_Graben,appraisal,non_reservoir,non_reservoir,1819.08,1786.06
W-075,1579.4,618.7,2402.75,2399.38,Top_Reservoir,North_Block,exploration,reservoir,water,1768.42,1776.38
W-075,1579.4,618.7,2334.79,2329.18,Top_Seal,North_Block,exploration,reservoir,water,1718.4,1723.74
W-076,10140.9,4115.2,2545.32,2514.09,Top_Reservoir,South_Block,appraisal,reservoir,water,1843.65,1848.24
W-076,10140.9,4115.2,2519.65,2476.24,Top_Seal,South_Block,appraisal,reservoir,water,1825.05,1826.37
W-077,11339.4,7640.3,2485.5,2450.66,Top_Reservoir,South_Block,appraisal,reservoir,oil,1764.78,1765.77
W-077,11339.4,7640.3,2424.69,2389.08,Top_Seal,South_Block,appraisal,reservoir,oil,1721.6,1739.49
W-078,10847.0,8152.2,2447.73,2462.06,Top_Reservoir,South_Block,production,non_reservoir,non_reservoir,1737.97,1814.64
W-078,10847.0,8152.2,2399.88,2427.49,Top_Seal,South_Block,production,non_reservoir,non_reservoir,1704.0,1778.96
W-079,6836.6,7299.9,2392.02,2380.13,Top_Reservoir,Central_Graben,production,non_reservoir,non_reservoir,1793.28,1820.88
W-079,6836.6,7299.9,2337.57,2321.09,Top_Seal,Central_Graben,production,non_reservoir,non_reservoir,1752.46,1786.33
W-080,1745.5,1132.0,2405.41,2411.49,Top_Reservoir,North_Block,production,non_reservoir,non_reservoir,1751.37,1781.91
W-080,1745.5,1132.0,2373.09,2380.42,Top_Seal,North_Block,production,non_reservoir,non_reservoir,1727.84,1759.02
W-081,2309.6,9133.5,2278.65,2297.17,Top_Reservoir,North_Block,production,non_reservoir,non_reservoir,1734.13,1684.61
W-081,2309.6,9133.5,2213.55,2244.11,Top_Seal,North_Block,production,non_reservoir,non_reservoir,1684.59,1610.84
W-082,11134.9,8020.4,2464.82,2423.45,Top_Reservoir,South_Block,production,non_reservoir,non_reservoir,1813.23,1838.37
W-082,11134.9,8020.4,2420.85,2394.01,Top_Seal,South_Block,production,non_reservoir,non_reservoir,1780.89,1831.92
W-083,6627.9,8776.9,2378.68,2301.03,Top_Reservoir,Central_Graben,production,reservoir,oil,1782.9,1672.41
W-083,6627.9,8776.9,2333.19,2261.22,Top_Seal,Central_Graben,production,reservoir,oil,1748.8,1638.32
W-084,2166.6,5233.0,2261.61,2265.98,Top_Reservoir,North_Block,appraisal,reservoir,gas,1738.97,1767.18
W-084,2166.6,5233.0,2208.32,2210.23,Top_Seal,North_Block,appraisal,reservoir,gas,1697.99,1721.63
W-085,10608.7,9156.4,2409.66,2414.84,Top_Reservoir,South_Block,exploration,non_reservoir,non_reservoir,1780.95,1789.86
W-085,10608.7,9156.4,2371.62,2381.98,Top_Seal,South_Block,exploration,non_reservoir,non_reservoir,1752.84,1772.66
W-086,7698.9,466.5,2460.26,2438.12,Top_Reservoir,Central_Graben,exploration,reservoir,oil,1721.86,1817.6
W-086,7698.9,466.5,2413.44,2386.87,Top_Seal,Central_Graben,exploration,reservoir,oil,1689.09,1797.15
W-087,6836.3,302.9,2459.34,2518.42,Top_Reservoir,Central_Graben,production,reservoir,water,1762.36,1860.8
W-087,6836.3,302.9,2427.6,2489.67,Top_Seal,Central_Graben,production,reservoir,water,1739.61,1833.32
W-088,4515.5,202.2,2544.84,2556.13,Top_Reservoir,Central_Graben,production,reservoir,oil,1893.06,1875.12
W-088,4515.5,202.2,2484.7,2494.96,Top_Seal,Central_Graben,production,reservoir,oil,1848.32,1823.48
W-089,4931.5,2527.7,2418.2,2347.45,Top_Reservoir,Central_Graben,appraisal,non_reservoir,non_reservoir,1840.97,1779.43
W-089,4931.5,2527.7,2388.17,2311.38,Top_Seal,Central_Graben,appraisal,non_reservoir,non_reservoir,1818.11,1749.22
W-090,2873.9,2485.7,2372.36,2358.72,Top_Reservoir,North_Block,production,reservoir,oil,1760.5,1751.01
W-090,2873.9,2485.7,2333.38,2315.61,Top_Seal,North_Block,production,reservoir,oil,1731.58,1724.99
W-091,456.7,1875.0,2344.11,2359.77,Top_Reservoir,North_Block,appraisal,non_reservoir,non_reservoir,1729.12,1728.42
W-091,456.7,1875.0,2308.18,2331.2,Top_Seal,North_Block,appraisal,non_reservoir,non_reservoir,1702.62,1703.27
W-092,10514.6,5670.6,2506.34,2513.78,Top_Reservoir,South_Block,production,reservoir,water,1796.09,1839.96
W-092,10514.6,5670.6,2474.76,2469.41,Top_Seal,South_Block,production,reservoir,water,1773.46,1823.83
W-093,5612.8,389.9,2463.77,2353.74,Top_Reservoir,Central_Graben,production,reservoir,oil,1825.98,1673.04
W-093,5612.8,389.9,2411.32,2312.48,Top_Seal,Central_Graben,production,reservoir,oil,1787.1,1633.22
W-094,6571.6,5903.9,2408.28,2485.39,Top_Reservoir,Central_Graben,production,non_reservoir,non_reservoir,1733.92,1827.92
W-094,6571.6,5903.9,2373.43,2453.25,Top_Seal,Central_Graben,production,non_reservoir,non_reservoir,1708.83,1798.58
W-095,3866.0,1660.1,2440.9,2453.72,Top_Reservoir,North_Block,appraisal,reservoir,oil,1765.93,1742.5
W-095,3866.0,1660.1,2378.34,2398.26,Top_Seal,North_Block,appraisal,reservoir,oil,1720.67,1698.23
W-096,9015.9,6778.7,2468.73,2495.33,Top_Reservoir,South_Block,production,reservoir,oil,1817.56,1832.29
W-096,9015.9,6778.7,2429.74,2448.85,Top_Seal,South_Block,production,reservoir,oil,1788.85,1798.84
W-097,302.4,210.8,2366.81,2362.43,Top_Reservoir,North_Block,production,reservoir,oil,1762.85,1784.06
W-097,302.4,210.8,2293.41,2297.74,Top_Seal,North_Block,production,reservoir,oil,1708.18,1734.86
W-098,4466.2,3105.7,2389.04,2371.09,Top_Reservoir,Central_Graben,exploration,non_reservoir,non_reservoir,1765.02,1783.7
W-098,4466.2,3105.7,2335.78,2324.43,Top_Seal,Central_Graben,exploration,non_reservoir,non_reservoir,1725.67,1747.81
W-099,364.2,9383.4,2216.75,2198.68,Top_Reservoir,North_Block,exploration,reservoir,oil,1707.02,1660.74
W-099,364.2,9383.4,2187.35,2176.58,Top_Seal,North_Block,exploration,reservoir,oil,1684.38,1642.71
W-100,1474.7,5384.0,2256.62,2301.07,Top_Reservoir,North_Block,production,reservoir,oil,1667.11,1631.74
W-100,1474.7,5384.0,2200.61,2255.13,Top_Seal,North_Block,production,reservoir,oil,1625.73,1594.11
