doc_id,filename,file_path,file_path_v2,extension,size_mb,pages,sheets,table_count,image_count,language,requires_ocr,ocr_backend,ocr_backend_f,source,time_sec,text_length,warnings
2D_Simultaneous_Inversion_Bonaparte_Basin_project_report,2D_Simultaneous_Inversion_Bonaparte_Basin_project_report.docx,data\raw\doc_Word\2D_Simultaneous_Inversion_Bonaparte_Basin_project_report.docx,data\raw\doc_Word,.docx,29.164,66.0,,2,154,en,False,native_mammoth,extract_text,doc_Word,2.7450788021087646,57724,[]
A decade of marine seismic technology development,A decade of marine seismic technology development.docx,data\raw\doc_Word\A decade of marine seismic technology development.docx,data\raw\doc_Word,.docx,0.037,4.0,,0,0,en,False,native_mammoth,extract_text,doc_Word,0.7330825328826904,16262,[]
A Seismic Multi-Attribute on the LightGBM-RFECV Coupling Algorithm,A Seismic Multi-Attribute on the LightGBM-RFECV Coupling Algorithm.docx,data\raw\doc_Word\A Seismic Multi-Attribute on the LightGBM-RFECV Coupling Algorithm.docx,data\raw\doc_Word,.docx,0.363,13.0,,1,16,en,False,native_mammoth,extract_text,doc_Word,0.4907543659210205,45240,[]
Application of seismic inversion constrained geological modeling technology,Application of seismic inversion constrained geological modeling technology.docx,data\raw\doc_Word\Application of seismic inversion constrained geological modeling technology.docx,data\raw\doc_Word,.docx,5.557,8.0,,0,7,en,False,native_mammoth,extract_text,doc_Word,0.1091299057006836,17073,[]
Assessing Gas Hydrate Prospects on the North Slope of Alaska,Assessing Gas Hydrate Prospects on the North Slope of Alaska.docx,data\raw\doc_Word\Assessing Gas Hydrate Prospects on the North Slope of Alaska.docx,data\raw\doc_Word,.docx,5.621,36.0,,2,91,en,False,native_mammoth,extract_text,doc_Word,3.1799428462982178,101529,[]
Elastic seismic inversion and reservoir characterization in the Llanos Basin,Elastic seismic inversion and reservoir characterization in the Llanos Basin.docx,data\raw\doc_Word\Elastic seismic inversion and reservoir characterization in the Llanos Basin.docx,data\raw\doc_Word,.docx,4.64,16.0,,0,36,en,False,native_mammoth,extract_text,doc_Word,1.0171546936035156,27173,[]
Guidelines for interpreted data,Guidelines for interpreted data.docx,data\raw\doc_Word\Guidelines for interpreted data.docx,data\raw\doc_Word,.docx,0.083,14.0,,1,0,en,False,native_mammoth,extract_text,doc_Word,1.1970388889312744,21769,[]
Implementation of seismic surveys on the Norwegian Continental Shelf,Implementation of seismic surveys on the Norwegian Continental Shelf.docx,data\raw\doc_Word\Implementation of seismic surveys on the Norwegian Continental Shelf.docx,data\raw\doc_Word,.docx,0.217,22.0,,0,5,en,False,native_mammoth,extract_text,doc_Word,0.7048556804656982,56050,[]
Integration of and Model-Based Seismic Inversion and Neural Network Method,Integration of and Model-Based Seismic Inversion and Neural Network Method.docx,data\raw\doc_Word\Integration of and Model-Based Seismic Inversion and Neural Network Method.docx,data\raw\doc_Word,.docx,2.259,9.0,,2,63,en,False,native_mammoth,extract_text,doc_Word,0.164445161819458,13232,[]
Integration of Deterministic Seismic inversion with Machine Learning,Integration of Deterministic Seismic inversion with Machine Learning.docx,data\raw\doc_Word\Integration of Deterministic Seismic inversion with Machine Learning.docx,data\raw\doc_Word,.docx,4.638,6.0,,4,7,en,False,native_mammoth,extract_text,doc_Word,0.12481570243835449,9290,[]
Poro-Acoustic Impedance,Poro-Acoustic Impedance.docx,data\raw\doc_Word\Poro-Acoustic Impedance.docx,data\raw\doc_Word,.docx,2.842,14.0,,3,26,en,False,native_mammoth,extract_text,doc_Word,0.5286853313446045,28229,[]
Probabilistic inversion of seismic data,Probabilistic inversion of seismic data.docx,data\raw\doc_Word\Probabilistic inversion of seismic data.docx,data\raw\doc_Word,.docx,2.088,20.0,,0,10,en,False,native_mammoth,extract_text,doc_Word,1.4584286212921143,82551,[]
Qualitative and quantitative reservoir characterization using seismic inversion,Qualitative and quantitative reservoir characterization using seismic inversion.docx,data\raw\doc_Word\Qualitative and quantitative reservoir characterization using seismic inversion.docx,data\raw\doc_Word,.docx,6.17,19.0,,2,11,en,False,native_mammoth,extract_text,doc_Word,0.8586916923522949,38678,[]
Reservoir Characterization Based on Bayesian AVO,Reservoir Characterization Based on Bayesian AVO.docx,data\raw\doc_Word\Reservoir Characterization Based on Bayesian AVO.docx,data\raw\doc_Word,.docx,3.722,22.0,,1,23,en,False,native_mammoth,extract_text,doc_Word,1.3711657524108887,48268,[]
Reservoir Characterization Integrating Seismic Attributes,Reservoir Characterization Integrating Seismic Attributes.docx,data\raw\doc_Word\Reservoir Characterization Integrating Seismic Attributes.docx,data\raw\doc_Word,.docx,4.615,14.0,,0,10,en,False,native_mammoth,extract_text,doc_Word,2.774644374847412,33527,[]
Reservoir Characterization Using Intelligent Seismic Inversion,Reservoir Characterization Using Intelligent Seismic Inversion.docx,data\raw\doc_Word\Reservoir Characterization Using Intelligent Seismic Inversion.docx,data\raw\doc_Word,.docx,2.587,18.0,,10,52,en,False,native_mammoth,extract_text,doc_Word,1.0001671314239502,50530,[]
Seismic_Imaging_and_Interpretation_Techniques,Seismic_Imaging_and_Interpretation_Techniques.docx,data\raw\doc_Word\Seismic_Imaging_and_Interpretation_Techniques.docx,data\raw\doc_Word,.docx,0.229,5.0,,0,3,en,False,native_mammoth,extract_text,doc_Word,0.020403146743774414,15899,[]
Seismic_Imaging_and_Interpretation_Techniques_doc,Seismic_Imaging_and_Interpretation_Techniques_doc.doc,data\raw\doc_Word\Seismic_Imaging_and_Interpretation_Techniques_doc.doc,data\raw\doc_Word,.doc,0.253,5.0,,0,3,en,False,native_mammoth,extract_text,doc_Word,1.6312716007232666,15899,[]
Box-plots-ranges-of-source-depths,Box-plots-ranges-of-source-depths.jpg,data\raw\images\Box-plots-ranges-of-source-depths.jpg,data\raw\images,.jpg,0.182,,,0,1,en,True,ocr_image,paddle,images,1.1807780265808105,318,[]
Convolution_Polarity,Convolution_Polarity.jpg,data\raw\images\Convolution_Polarity.jpg,data\raw\images,.jpg,0.069,,,0,1,en,True,ocr_image,paddle,images,0.7307329177856445,222,[]
defs_ref_data,defs_ref_data.jpg,data\raw\images\defs_ref_data.jpg,data\raw\images,.jpg,0.1,,,0,1,en,True,ocr_image,paddle,images,1.5698082447052002,627,[]
Example-of-a-near-seafloor-structure,Example-of-a-near-seafloor-structure.jpg,data\raw\images\Example-of-a-near-seafloor-structure.jpg,data\raw\images,.jpg,0.587,,,0,1,en,True,ocr_image,paddle,images,0.7504196166992188,278,[]
Example-of-a-regional-seismic-line-from-the-eastern-Gulf-of-Mexico,Example-of-a-regional-seismic-line-from-the-eastern-Gulf-of-Mexico.jpg,data\raw\images\Example-of-a-regional-seismic-line-from-the-eastern-Gulf-of-Mexico.jpg,data\raw\images,.jpg,0.327,,,0,1,en,True,ocr_image,paddle,images,0.5469624996185303,134,[]
Facies-of-deepwater-depositional-systems-Shoup,Facies-of-deepwater-depositional-systems-Shoup.jpg,data\raw\images\Facies-of-deepwater-depositional-systems-Shoup.jpg,data\raw\images,.jpg,0.319,,,0,1,en,True,ocr_image,paddle,images,1.0133538246154785,604,[]
Geophysics_cheatsheet,Geophysics_cheatsheet.png,data\raw\images\Geophysics_cheatsheet.png,data\raw\images,.png,1.098,,,4,1,en,True,ocr_image,paddle,images,8.081843376159668,3987,[]
Integrated stratigraphic column of the Yingshan area,Integrated stratigraphic column of the Yingshan area.jpg,data\raw\images\Integrated stratigraphic column of the Yingshan area.jpg,data\raw\images,.jpg,0.51,,,0,1,en,True,ocr_image,paddle,images,2.5622639656066895,820,[]
Integrated workflow for high-resolution 3D seismic processing and quantitative interpretation,Integrated workflow for high-resolution 3D seismic processing and quantitative interpretation.jpg,data\raw\images\Integrated workflow for high-resolution 3D seismic processing and quantitative interpretation.jpg,data\raw\images,.jpg,0.364,,,0,1,en,True,ocr_image,paddle,images,4.389484167098999,1501,[]
Northern-Gulf-of-Mexico-Basin-source-intervals-ages-hydrocarbon-families-and-summary,Northern-Gulf-of-Mexico-Basin-source-intervals-ages-hydrocarbon-families-and-summary.jpg,data\raw\images\Northern-Gulf-of-Mexico-Basin-source-intervals-ages-hydrocarbon-families-and-summary.jpg,data\raw\images,.jpg,0.533,,,0,1,en,True,ocr_image,paddle,images,2.082641124725342,1318,[]
NW-SE-time-migrated-seismic-line-showing-extensional-basins-developed-atop-the-eastern,NW-SE-time-migrated-seismic-line-showing-extensional-basins-developed-atop-the-eastern.jpg,data\raw\images\NW-SE-time-migrated-seismic-line-showing-extensional-basins-developed-atop-the-eastern.jpg,data\raw\images,.jpg,0.379,,,0,1,en,True,ocr_image,paddle,images,1.5850164890289307,618,[]
Postack - Seismic inversion (post-stacking vs pre-stacking),Postack - Seismic inversion (post-stacking vs pre-stacking).jpg,data\raw\images\Postack - Seismic inversion (post-stacking vs pre-stacking).jpg,data\raw\images,.jpg,0.102,,,0,1,en,True,ocr_image,paddle,images,0.6116032600402832,226,[]
Prestack - Seismic inversion (post-stacking vs pre-stacking),Prestack - Seismic inversion (post-stacking vs pre-stacking).jpg,data\raw\images\Prestack - Seismic inversion (post-stacking vs pre-stacking).jpg,data\raw\images,.jpg,0.129,,,0,1,en,True,ocr_image,paddle,images,0.6535964012145996,320,[]
Regional-seismic-profile-showing-rift-structure-and-prerift-synrift-and-postrift,Regional-seismic-profile-showing-rift-structure-and-prerift-synrift-and-postrift.jpg,data\raw\images\Regional-seismic-profile-showing-rift-structure-and-prerift-synrift-and-postrift.jpg,data\raw\images,.jpg,0.285,,,0,1,en,True,ocr_image,paddle,images,1.717674970626831,884,[]
Regional-seismic-sections-across-the-northern-North-Sea-rift-from-north-to-south-See,Regional-seismic-sections-across-the-northern-North-Sea-rift-from-north-to-south-See.jpg,data\raw\images\Regional-seismic-sections-across-the-northern-North-Sea-rift-from-north-to-south-See.jpg,data\raw\images,.jpg,0.323,,,0,1,en,True,ocr_image,paddle,images,1.0667874813079834,319,[]
Representative-E-W-seismic-line-through-the-salt-minibasins-and-salt-diapirs,Representative-E-W-seismic-line-through-the-salt-minibasins-and-salt-diapirs.jpg,data\raw\images\Representative-E-W-seismic-line-through-the-salt-minibasins-and-salt-diapirs.jpg,data\raw\images,.jpg,0.293,,,0,1,en,True,ocr_image,paddle,images,1.190755844116211,452,[]
SE-NW-seismic-section,SE-NW-seismic-section.jpg,data\raw\images\SE-NW-seismic-section.jpg,data\raw\images,.jpg,0.328,,,0,1,en,True,ocr_image,paddle,images,1.5137972831726074,901,[]
SEG_EURO_Polarity,SEG_EURO_Polarity.jpg,data\raw\images\SEG_EURO_Polarity.jpg,data\raw\images,.jpg,0.046,,,0,1,en,True,ocr_image,paddle,images,1.0591130256652832,211,[]
Seismic inversion (post-stacking vs pre-stacking),Seismic inversion (post-stacking vs pre-stacking).jpg,data\raw\images\Seismic inversion (post-stacking vs pre-stacking).jpg,data\raw\images,.jpg,0.075,,,0,1,en,True,ocr_image,paddle,images,0.4456815719604492,166,[]
seismic polarity,seismic polarity.png,data\raw\images\seismic polarity.png,data\raw\images,.png,0.13,,,0,1,en,True,ocr_image,paddle,images,1.075110912322998,437,[]
Seismic-Cross-Section-over-the-Mid-North-Sea-High-from-the-Anglo-Dutch-Basin,Seismic-Cross-Section-over-the-Mid-North-Sea-High-from-the-Anglo-Dutch-Basin.jpg,data\raw\images\Seismic-Cross-Section-over-the-Mid-North-Sea-High-from-the-Anglo-Dutch-Basin.jpg,data\raw\images,.jpg,0.677,,,0,1,en,True,ocr_image,paddle,images,1.3885307312011719,538,[]
Series-of-seismic-reflection-profiles-showing-the-differences-in-rift-geometries-and-rift,Series-of-seismic-reflection-profiles-showing-the-differences-in-rift-geometries-and-rift.jpg,data\raw\images\Series-of-seismic-reflection-profiles-showing-the-differences-in-rift-geometries-and-rift.jpg,data\raw\images,.jpg,0.463,,,0,1,en,True,ocr_image,paddle,images,1.2919950485229492,408,[]
The-poststack-inversion-workflow-was-used-in-this-study-in-which-three-key-components,The-poststack-inversion-workflow-was-used-in-this-study-in-which-three-key-components.jpg,data\raw\images\The-poststack-inversion-workflow-was-used-in-this-study-in-which-three-key-components.jpg,data\raw\images,.jpg,0.119,,,0,1,en,True,ocr_image,paddle,images,0.8996682167053223,386,[]
vertical-and-horizontal-stratigraphic-compartmentalization-and-baffling-by-reservoi,vertical-and-horizontal-stratigraphic-compartmentalization-and-baffling-by-reservoi.jpg,data\raw\images\vertical-and-horizontal-stratigraphic-compartmentalization-and-baffling-by-reservoi.jpg,data\raw\images,.jpg,0.072,,,0,1,en,True,ocr_image,paddle,images,0.7678804397583008,210,[]
Workflow-for-seismic-interpretation,Workflow-for-seismic-interpretation.jpg,data\raw\images\Workflow-for-seismic-interpretation.jpg,data\raw\images,.jpg,0.284,,,0,1,en,True,ocr_image,paddle,images,1.6867542266845703,851,[]
2020_06_practical_4d_interpretation,2020_06_practical_4d_interpretation.pdf,data\raw\pdf_scans\2020_06_practical_4d_interpretation.pdf,data\raw\pdf_scans,.pdf,3.533,4.0,,0,4,en,True,ocr,paddle,pdf_scans,10.502620458602905,4615,[]
Alaska_North_Slope_petroleum_systems,Alaska_North_Slope_petroleum_systems.pdf,data\raw\pdf_scans\Alaska_North_Slope_petroleum_systems.pdf,data\raw\pdf_scans,.pdf,0.238,1.0,,0,1,en,True,ocr,paddle,pdf_scans,4.660442590713501,2680,[]
Cheatsheet_basic,Cheatsheet_basic.pdf,data\raw\pdf_scans\Cheatsheet_basic.pdf,data\raw\pdf_scans,.pdf,0.57,1.0,,3,1,en,True,ocr,paddle,pdf_scans,14.393033027648926,5615,[]
Cheatsheet_geophysics,Cheatsheet_geophysics.pdf,data\raw\pdf_scans\Cheatsheet_geophysics.pdf,data\raw\pdf_scans,.pdf,0.64,1.0,,2,1,en,True,ocr,paddle,pdf_scans,8.536328792572021,4210,[]
Cheatsheet_petroleum,Cheatsheet_petroleum.pdf,data\raw\pdf_scans\Cheatsheet_petroleum.pdf,data\raw\pdf_scans,.pdf,0.568,1.0,,3,1,en,True,ocr,paddle,pdf_scans,7.226449728012085,3382,[]
Cheatsheet_Petrophysics,Cheatsheet_Petrophysics.pdf,data\raw\pdf_scans\Cheatsheet_Petrophysics.pdf,data\raw\pdf_scans,.pdf,0.46,1.0,,0,1,en,True,ocr,paddle,pdf_scans,8.80996823310852,5165,[]
Chopra_Churning seismic attributes with principal component analysis,Chopra_Churning seismic attributes with principal component analysis.pdf,data\raw\pdf_scans\Chopra_Churning seismic attributes with principal component analysis.pdf,data\raw\pdf_scans,.pdf,4.672,4.0,,0,4,en,True,ocr,paddle,pdf_scans,22.6759831905365,16546,[]
Cruise Report for a Seismic Investigation of Gas Hydrates,Cruise Report for a Seismic Investigation of Gas Hydrates.pdf,data\raw\pdf_scans\Cruise Report for a Seismic Investigation of Gas Hydrates.pdf,data\raw\pdf_scans,.pdf,5.145,21.0,,0,21,en,True,ocr,paddle,pdf_scans,92.37439513206482,41827,[]
Deriving Vp velocity and density properties,Deriving Vp velocity and density properties.pdf,data\raw\pdf_scans\Deriving Vp velocity and density properties.pdf,data\raw\pdf_scans,.pdf,6.455,18.0,,0,18,en,True,ocr,paddle,pdf_scans,119.26843237876892,64955,[]
Interpretation of seismic cross-hole,Interpretation of seismic cross-hole.pdf,data\raw\pdf_scans\Interpretation of seismic cross-hole.pdf,data\raw\pdf_scans,.pdf,2.064,9.0,,1,9,en,True,ocr,paddle,pdf_scans,45.005396604537964,18006,[]
NPD Oligocene to Pliocene well and borehole data,NPD Oligocene to Pliocene well and borehole data.pdf,data\raw\pdf_scans\NPD Oligocene to Pliocene well and borehole data.pdf,data\raw\pdf_scans,.pdf,0.354,2.0,,0,2,en,True,ocr,paddle,pdf_scans,11.082225799560547,7465,[]
Poseidon 3D Interpretation Report_Rev,Poseidon 3D Interpretation Report_Rev.pdf,data\raw\pdf_scans\Poseidon 3D Interpretation Report_Rev.pdf,data\raw\pdf_scans,.pdf,12.933,43.0,,0,43,en,True,ocr,paddle,pdf_scans,176.10983109474182,40304,[]
Reprocessing of Reflection Seismic Lines Rill and R102,Reprocessing of Reflection Seismic Lines Rill and R102.pdf,data\raw\pdf_scans\Reprocessing of Reflection Seismic Lines Rill and R102.pdf,data\raw\pdf_scans,.pdf,10.16,31.0,,0,31,en,True,ocr,paddle,pdf_scans,120.06188678741455,35480,[]
Seismic evidence for an extensive gas-bearing layer,Seismic evidence for an extensive gas-bearing layer.pdf,data\raw\pdf_scans\Seismic evidence for an extensive gas-bearing layer.pdf,data\raw\pdf_scans,.pdf,4.941,21.0,,2,21,en,True,ocr,paddle,pdf_scans,67.941410779953,21376,[]
Seismic Reflection Profiles Along the Drill Holes,Seismic Reflection Profiles Along the Drill Holes.pdf,data\raw\pdf_scans\Seismic Reflection Profiles Along the Drill Holes.pdf,data\raw\pdf_scans,.pdf,2.632,14.0,,0,14,en,True,ocr,paddle,pdf_scans,81.11354660987854,34505,[]
Two-Dimensional Multichannel Seismic Data,Two-Dimensional Multichannel Seismic Data.pdf,data\raw\pdf_scans\Two-Dimensional Multichannel Seismic Data.pdf,data\raw\pdf_scans,.pdf,6.206,25.0,,4,25,en,True,ocr,paddle,pdf_scans,128.92713689804077,43341,[]
Using Machine Learning for Automated Seismic Facies Classification,Using Machine Learning for Automated Seismic Facies Classification.pdf,data\raw\pdf_scans\Using Machine Learning for Automated Seismic Facies Classification.pdf,data\raw\pdf_scans,.pdf,4.97,19.0,,3,19,en,True,ocr,paddle,pdf_scans,79.35590696334839,13253,[]
Applying Seismic Inversion Technique and Seismic Attributes for Komombo Basin,Applying Seismic Inversion Technique and Seismic Attributes for Komombo Basin.pdf,data\raw\pdf_text\Applying Seismic Inversion Technique and Seismic Attributes for Komombo Basin.pdf,data\raw\pdf_text,.pdf,2.502,6.0,,1,12,en,False,native_pymupdf,extract_text,pdf_text,1.5767600536346436,18211,[]
Assessment of Tight-Oil and Tight-Gas Resources,Assessment of Tight-Oil and Tight-Gas Resources.pdf,data\raw\pdf_text\Assessment of Tight-Oil and Tight-Gas Resources.pdf,data\raw\pdf_text,.pdf,0.339,2.0,,3,2,en,False,native_pymupdf,extract_text,pdf_text,0.9927010536193848,12117,[]
Assessment of Undiscovered Conventional Oil and Gas Resources,Assessment of Undiscovered Conventional Oil and Gas Resources.pdf,data\raw\pdf_text\Assessment of Undiscovered Conventional Oil and Gas Resources.pdf,data\raw\pdf_text,.pdf,2.419,2.0,,3,4,en,False,native_pymupdf,extract_text,pdf_text,0.9431962966918945,12179,[]
Assessment of Undiscovered Oil and Gas  in the Haynesville Formation,Assessment of Undiscovered Oil and Gas  in the Haynesville Formation.pdf,data\raw\pdf_text\Assessment of Undiscovered Oil and Gas  in the Haynesville Formation.pdf,data\raw\pdf_text,.pdf,2.151,4.0,,2,1,en,False,native_pymupdf,extract_text,pdf_text,11.376713514328003,14526,[]
Assessment of Undiscovered Oil and Gas in the Central North Slope of Alaska,Assessment of Undiscovered Oil and Gas in the Central North Slope of Alaska.pdf,data\raw\pdf_text\Assessment of Undiscovered Oil and Gas in the Central North Slope of Alaska.pdf,data\raw\pdf_text,.pdf,1.265,4.0,,4,1,en,False,native_pymupdf,extract_text,pdf_text,2.016557455062866,15552,[]
Assessment of Undiscovered Oil and Gas of the Gulf Coast,Assessment of Undiscovered Oil and Gas of the Gulf Coast.pdf,data\raw\pdf_text\Assessment of Undiscovered Oil and Gas of the Gulf Coast.pdf,data\raw\pdf_text,.pdf,1.551,4.0,,4,1,en,False,native_pymupdf,extract_text,pdf_text,4.883639574050903,12111,[]
Assessment of Undiscovered Shale- Gas Resources,Assessment of Undiscovered Shale- Gas Resources.pdf,data\raw\pdf_text\Assessment of Undiscovered Shale- Gas Resources.pdf,data\raw\pdf_text,.pdf,0.861,4.0,,2,1,en,False,native_pymupdf,extract_text,pdf_text,1.3348147869110107,16689,[]
Assumptions to the Annual Energy Outlook 2026 Liquid Fuels Market Module,Assumptions to the Annual Energy Outlook 2026 Liquid Fuels Market Module.pdf,data\raw\pdf_text\Assumptions to the Annual Energy Outlook 2026 Liquid Fuels Market Module.pdf,data\raw\pdf_text,.pdf,1.116,27.0,,1,4,en,False,native_pymupdf,extract_text,pdf_text,2.576979875564575,61058,[]
Characterization of Three Forks Formation Reservoir Lithofacies,Characterization of Three Forks Formation Reservoir Lithofacies.pdf,data\raw\pdf_text\Characterization of Three Forks Formation Reservoir Lithofacies.pdf,data\raw\pdf_text,.pdf,1.21,9.0,,6,6,en,False,native_pymupdf,extract_text,pdf_text,1.192061424255371,22566,[]
Development of the taranaki basin for deepwater exploration,Development of the taranaki basin for deepwater exploration.pdf,data\raw\pdf_text\Development of the taranaki basin for deepwater exploration.pdf,data\raw\pdf_text,.pdf,3.138,10.0,,5,246,en,False,native_pymupdf,extract_text,pdf_text,3.057924747467041,47446,[]
Interpretation of incised valleys using new 3-D seismic techniques,Interpretation of incised valleys using new 3-D seismic techniques.pdf,data\raw\pdf_text\Interpretation of incised valleys using new 3-D seismic techniques.pdf,data\raw\pdf_text,.pdf,1.75,4.0,,7,11,en,False,native_pymupdf,extract_text,pdf_text,0.9951157569885254,17193,[]
Interpretational applications of spectral decomposition in reservoir characterization,Interpretational applications of spectral decomposition in reservoir characterization.pdf,data\raw\pdf_text\Interpretational applications of spectral decomposition in reservoir characterization.pdf,data\raw\pdf_text,.pdf,1.329,5.0,,13,15,en,False,native_pymupdf,extract_text,pdf_text,0.8019979000091553,14110,[]
NPD FactPages  Well 72208‑1,NPD FactPages  Well 72208‑1.pdf,data\raw\pdf_text\NPD FactPages  Well 72208‑1.pdf,data\raw\pdf_text,.pdf,0.263,11.0,,18,11,en,False,native_pymupdf,extract_text,pdf_text,1.134852409362793,14131,[]
NPD FactPages Well 65077‑12,NPD FactPages Well 65077‑12.pdf,data\raw\pdf_text\NPD FactPages Well 65077‑12.pdf,data\raw\pdf_text,.pdf,0.494,18.0,,51,133,en,False,native_pymupdf,extract_text,pdf_text,2.210815668106079,26660,[]
NPD Resource Accounts for the Norwegian continental shelf 2021,NPD Resource Accounts for the Norwegian continental shelf 2021.pdf,data\raw\pdf_text\NPD Resource Accounts for the Norwegian continental shelf 2021.pdf,data\raw\pdf_text,.pdf,1.506,21.0,,1,28,en,False,native_pymupdf,extract_text,pdf_text,1.4913818836212158,31086,[]
Public Dataset for Machine Learning in Seismic Interpretation,Public Dataset for Machine Learning in Seismic Interpretation.pdf,data\raw\pdf_text\Public Dataset for Machine Learning in Seismic Interpretation.pdf,data\raw\pdf_text,.pdf,1.667,5.0,,0,5,en,False,native_pymupdf,extract_text,pdf_text,1.1729588508605957,24960,[]
Seismic attributes in reservoir characterization an overview,Seismic attributes in reservoir characterization an overview.pdf,data\raw\pdf_text\Seismic attributes in reservoir characterization an overview.pdf,data\raw\pdf_text,.pdf,1.95,13.0,,0,15,en,False,native_pymupdf,extract_text,pdf_text,2.1004104614257812,40831,[]
"Seismic facies analysis Past, present and future","Seismic facies analysis Past, present and future.pdf","data\raw\pdf_text\Seismic facies analysis Past, present and future.pdf",data\raw\pdf_text,.pdf,5.65,65.0,,0,28,en,False,native_pymupdf,extract_text,pdf_text,4.828699350357056,118828,[]
Spectral decomposition of time- vs. depth-migrated data,Spectral decomposition of time- vs. depth-migrated data.pdf,data\raw\pdf_text\Spectral decomposition of time- vs. depth-migrated data.pdf,data\raw\pdf_text,.pdf,1.256,5.0,,0,10,en,False,native_pymupdf,extract_text,pdf_text,0.766531229019165,14332,[]
Spectral Decomposition Reveals Geological Hidden Features in the Amplitude Maps,Spectral Decomposition Reveals Geological Hidden Features in the Amplitude Maps.pdf,data\raw\pdf_text\Spectral Decomposition Reveals Geological Hidden Features in the Amplitude Maps.pdf,data\raw\pdf_text,.pdf,0.256,4.0,,0,22,en,False,native_pymupdf,extract_text,pdf_text,0.7835664749145508,14503,[]
The impact of reservoir scale on amplitude variation with offset,The impact of reservoir scale on amplitude variation with offset.pdf,data\raw\pdf_text\The impact of reservoir scale on amplitude variation with offset.pdf,data\raw\pdf_text,.pdf,6.87,10.0,,0,11,en,False,native_pymupdf,extract_text,pdf_text,1.9833471775054932,32939,[]
Use of spectral decomposition technique for delineation of channels at Solar gas discovery,Use of spectral decomposition technique for delineation of channels at Solar gas discovery.pdf,data\raw\pdf_text\Use of spectral decomposition technique for delineation of channels at Solar gas discovery.pdf,data\raw\pdf_text,.pdf,2.52,7.0,,0,10,en,False,native_pymupdf,extract_text,pdf_text,0.6993453502655029,14148,[]
Well Logging in Support for Seismic Reservoir Characterization,Well Logging in Support for Seismic Reservoir Characterization.pdf,data\raw\pdf_text\Well Logging in Support for Seismic Reservoir Characterization.pdf,data\raw\pdf_text,.pdf,0.991,5.0,,1,60,en,False,native_pymupdf,extract_text,pdf_text,0.5916030406951904,13239,[]
Williston Basin Province Interpretation of 2-D Seismic Data,Williston Basin Province Interpretation of 2-D Seismic Data.pdf,data\raw\pdf_text\Williston Basin Province Interpretation of 2-D Seismic Data.pdf,data\raw\pdf_text,.pdf,6.774,9.0,,4,14,en,False,native_pymupdf,extract_text,pdf_text,32.2401237487793,19064,[]
Annual Energy  Oil and Gas Supply,Annual Energy  Oil and Gas Supply.xlsx,data\raw\tables\Annual Energy  Oil and Gas Supply.xlsx,data\raw\tables,.xlsx,0.021,,1.0,1,0,en,False,native_excel,extract_text,tables,0.09378528594970703,14435,[]
"Annual Energy  Total Energy Supply, Disposition, and Price Summary","Annual Energy  Total Energy Supply, Disposition, and Price Summary.xlsx","data\raw\tables\Annual Energy  Total Energy Supply, Disposition, and Price Summary.xlsx",data\raw\tables,.xlsx,0.027,,1.0,1,0,en,False,native_excel,extract_text,tables,0.060640811920166016,22412,[]
CP_Kronos1_Well_Seismic_Report_VSP_data,CP_Kronos1_Well_Seismic_Report_VSP_data.xlsx,data\raw\tables\CP_Kronos1_Well_Seismic_Report_VSP_data.xlsx,data\raw\tables,.xlsx,0.024,,1.0,1,0,unknown,False,native_excel,extract_text,tables,0.04544568061828613,11113,[]
Crude Oil and Natural Gas Exploratory and Development Wells,Crude Oil and Natural Gas Exploratory and Development Wells.xlsx,data\raw\tables\Crude Oil and Natural Gas Exploratory and Development Wells.xlsx,data\raw\tables,.xlsx,0.017,,2.0,2,0,en,False,native_excel,extract_text,tables,0.036554574966430664,5202,[]
DPR_data_region_month_oil_natural_gas,DPR_data_region_month_oil_natural_gas.xlsx,data\raw\tables\DPR_data_region_month_oil_natural_gas.xlsx,data\raw\tables,.xlsx,0.151,,8.0,8,0,en,False,native_excel,extract_text,tables,0.26392531394958496,104336,[]
GEoREST_induced_seismicity_database_20_11_2022,GEoREST_induced_seismicity_database_20_11_2022.xlsx,data\raw\tables\GEoREST_induced_seismicity_database_20_11_2022.xlsx,data\raw\tables,.xlsx,0.148,,1.0,1,0,en,False,native_excel,extract_text,tables,0.28798961639404297,129186,[]
Oil well operation parameters (2013),Oil well operation parameters (2013).xlsx,data\raw\tables\Oil well operation parameters (2013).xlsx,data\raw\tables,.xlsx,0.016,,1.0,1,0,en,False,native_excel,extract_text,tables,0.042667388916015625,4165,[]
Oil_and_Gas_Wells,Oil_and_Gas_Wells.xlsx,data\raw\tables\Oil_and_Gas_Wells.xlsx,data\raw\tables,.xlsx,0.951,,1.0,1,0,en,False,native_excel,extract_text,tables,1.8776764869689941,1111547,[]
"Petroleum Segments_Exploration, Development, & Production Statistics","Petroleum Segments_Exploration, Development, & Production Statistics.xlsx","data\raw\tables\Petroleum Segments_Exploration, Development, & Production Statistics.xlsx",data\raw\tables,.xlsx,0.078,,1.0,1,0,en,False,native_excel,extract_text,tables,0.23577332496643066,45035,[]
Petroleum Segments_Proved Petroleum Reserves,Petroleum Segments_Proved Petroleum Reserves.xlsx,data\raw\tables\Petroleum Segments_Proved Petroleum Reserves.xlsx,data\raw\tables,.xlsx,0.079,,1.0,1,0,en,False,native_excel,extract_text,tables,0.22188282012939453,55833,[]
Pools allocated to petroleum system in the San Joaquin Basin Province,Pools allocated to petroleum system in the San Joaquin Basin Province.xlsx,data\raw\tables\Pools allocated to petroleum system in the San Joaquin Basin Province.xlsx,data\raw\tables,.xlsx,0.13,,1.0,1,0,en,False,native_excel,extract_text,tables,0.1907198429107666,102281,[]
Reservoir rock allocated to each producing zone all,Reservoir rock allocated to each producing zone all.xlsx,data\raw\tables\Reservoir rock allocated to each producing zone all.xlsx,data\raw\tables,.xlsx,0.017,,1.0,1,0,en,False,native_excel,extract_text,tables,0.040689945220947266,11934,[]
Reservoir rock allocated to each producing zone,Reservoir rock allocated to each producing zone.xlsx,data\raw\tables\Reservoir rock allocated to each producing zone.xlsx,data\raw\tables,.xlsx,0.01,,1.0,1,0,en,False,native_excel,extract_text,tables,0.016616344451904297,1459,[]
Seismic_Water_Bottom_Anomalies,Seismic_Water_Bottom_Anomalies.xlsx,data\raw\tables\Seismic_Water_Bottom_Anomalies.xlsx,data\raw\tables,.xlsx,0.063,,1.0,1,0,en,False,native_excel,extract_text,tables,0.11295843124389648,618205,[]
Tight oil production estimates by play,Tight oil production estimates by play.xls,data\raw\tables\Tight oil production estimates by play.xls,data\raw\tables,.xls,0.072,,1.0,1,0,en,False,native_excel,extract_text,tables,0.015523910522460938,10656,[]
W1 Well Logs,W1 Well Logs.xlsx,data\raw\tables\W1 Well Logs.xlsx,data\raw\tables,.xlsx,0.013,,2.0,2,0,en,False,native_excel,extract_text,tables,0.013172388076782227,4297,[]
Basic elements of a reservoir characterization study,Basic elements of a reservoir characterization study.txt,data\raw\txt\Basic elements of a reservoir characterization study.txt,data\raw\txt,.txt,0.011,,,1,0,en,False,native_txt,extract_text,txt,0.0265805721282959,11070,[]
Geophysics,Geophysics.txt,data\raw\txt\Geophysics.txt,data\raw\txt,.txt,0.003,,,0,0,en,False,native_txt,extract_text,txt,0.0009992122650146484,3421,[]
Geostatistical reservoir modeling,Geostatistical reservoir modeling.txt,data\raw\txt\Geostatistical reservoir modeling.txt,data\raw\txt,.txt,0.016,,,1,0,en,False,native_txt,extract_text,txt,0.03704357147216797,16845,[]
Geostatistics,Geostatistics.txt,data\raw\txt\Geostatistics.txt,data\raw\txt,.txt,0.011,,,1,0,en,False,native_txt,extract_text,txt,0.016652345657348633,11645,[]
Predicting rock properties,Predicting rock properties.txt,data\raw\txt\Predicting rock properties.txt,data\raw\txt,.txt,0.004,,,0,0,en,False,native_txt,extract_text,txt,0.04634594917297363,3770,[]
Reservoir geophysics overview,Reservoir geophysics overview.txt,data\raw\txt\Reservoir geophysics overview.txt,data\raw\txt,.txt,0.012,,,0,0,en,False,native_txt,extract_text,txt,0.029239892959594727,12614,[]
Reservoir simulation applications,Reservoir simulation applications.txt,data\raw\txt\Reservoir simulation applications.txt,data\raw\txt,.txt,0.018,,,0,0,en,False,native_txt,extract_text,txt,0.09636592864990234,18523,[]
Seismic attributes for reservoir studies,Seismic attributes for reservoir studies.txt,data\raw\txt\Seismic attributes for reservoir studies.txt,data\raw\txt,.txt,0.018,,,0,0,en,False,native_txt,extract_text,txt,0.039487600326538086,18330,[]
Seismic attributes,Seismic attributes.txt,data\raw\txt\Seismic attributes.txt,data\raw\txt,.txt,0.007,,,0,0,en,False,native_txt,extract_text,txt,0.015182971954345703,7572,[]
Seismic imaging and inversion,Seismic imaging and inversion.txt,data\raw\txt\Seismic imaging and inversion.txt,data\raw\txt,.txt,0.018,,,1,0,en,False,native_txt,extract_text,txt,0.03725862503051758,19031,[]
Seismic interpretation,Seismic interpretation.txt,data\raw\txt\Seismic interpretation.txt,data\raw\txt,.txt,0.023,,,0,0,en,False,native_txt,extract_text,txt,0.05726361274719238,23885,[]
Seismic time-lapse reservoir monitoring,Seismic time-lapse reservoir monitoring.txt,data\raw\txt\Seismic time-lapse reservoir monitoring.txt,data\raw\txt,.txt,0.008,,,0,0,en,False,native_txt,extract_text,txt,0.021877765655517578,8318,[]
WA1,WA1.txt,data\raw\txt\WA1.txt,data\raw\txt,.txt,0.008,,,1,0,en,False,native_txt,extract_text,txt,0.001032114028930664,8414,[]
